Title,Date,Views,Likes,Comments,Video_ID,Category,Extracted: ,LTV,CTL,Diff
Porsche car meet #porsche #automobile,2025-04-15T05:32:37Z,355,5,0,8PA8nCESk9E,AutosVehicles,2025-06-22,1.408450704,0,68
2025 Honda Grom | Erste Fahrt,2025-04-14T18:23:57Z,6037,320,27,F4W3GcBrvE4,AutosVehicles,,5.300646016,8.4375,69
PEREBUTAN IMAM BEBEK 200 ğŸ”¥ ANTARA JATIM X JATENG ğŸ˜…ğŸ¤£ğŸ˜ MENURUT KALIAN SIAPA YANG DI DEPAN,2025-04-14T17:00:22Z,7912,57,0,a7L7rKevhlU,AutosVehicles,,0.7204246714,0,69
#tiktokviralsong #funny #viralvideo,2025-04-14T04:48:14Z,237,22,3,KXOd8lMWPKM,AutosVehicles,,9.282700422,13.63636364,69
A short clip of our team players getting ready for the match game. #football #footballedits #foryou,2025-04-14T04:08:18Z,1034,17,0,MtNv08pUGLo,AutosVehicles,,1.64410058,0,69
Honda CBR1100XX Blackbird: La Moto que VolÃ³ MÃ¡s RÃ¡pido que un AviÃ³nğŸ”¥,2025-04-13T17:00:55Z,15966,554,78,r7L_qtCBEMU,AutosVehicles,,3.469873481,14.07942238,70
eine auszeichnung fÃ¼r letzter im rollschuh ist crazy ğŸ’€,2025-04-13T15:44:38Z,31382,2315,8,rDy55JAxaC4,AutosVehicles,,7.376840227,0.3455723542,70
2025 GMC Hummer EV LuxoVan Review | Futuristic Electric Luxury Van with 1000 HP!,2025-04-13T12:51:22Z,797,7,0,rDVcFFKzslc,AutosVehicles,,0.878293601,0,70
13. April 2025,2025-04-13T11:18:34Z,158,2,0,1KKuAX38MKs,AutosVehicles,,1.265822785,0,70
POV : à¸—à¸³à¸‡à¸²à¸™ à¹ƒà¸™à¸§à¸±à¸™à¸—à¸µà¹ˆà¸„à¸™à¸­à¸·à¹ˆà¸™à¸«à¸¢à¸¸à¸”à¸ªà¸‡à¸à¸£à¸²à¸™à¸•à¹Œà¹à¸¥à¹‰à¸§ ğŸ˜‚ğŸ˜‚ğŸ˜‚,2025-04-12T06:29:15Z,9973,59,0,x0j1YkA1t3M,AutosVehicles,,0.5915973127,0,71
F1 Vegas Behind the Scenes!,2025-04-11T15:01:19Z,808,28,0,mz0SbP2-RyQ,AutosVehicles,,3.465346535,0,72
Uluru a majestic rock stand tall for thousands of years. #uluru #ayersrock #northernterritory #fyp,2025-04-11T14:33:41Z,250,3,3,g-lLoDZEscg,AutosVehicles,,1.2,100,72
ğ“¢ğ“±ğ“¸ğ”€ ğ“¶ğ“® ğ”‚ğ“¸ğ“¾ğ“» ğ“´ğ“®ğ”‚ğ“«ğ“¸ğ“ªğ“»ğ“­ #keyboard #board #key #shorts,2025-04-11T10:19:08Z,1171,6,1,bq8I08KJ36Y,AutosVehicles,,0.512382579,16.66666667,72
10. April 2025,2025-04-10T16:16:48Z,44,3,0,QNA8oE9k7Ng,AutosVehicles,,6.818181818,0,73
10. April 2025,2025-04-10T15:46:09Z,299,5,1,jktxBqDRVjs,AutosVehicles,,1.672240803,20,73
Das erste mal Dreizylinderâ€¦,2025-04-10T15:00:24Z,8168,431,26,F7c851E53n8,AutosVehicles,,5.27668952,6.032482599,73
"""John Deereâ€™s First-Ever Pickup Truck? 2025 Model Revealed!",2025-04-10T11:01:32Z,133058,643,31,PMtWmSCb1AI,AutosVehicles,,0.4832479069,4.821150855,73
10. April 2025,2025-04-10T10:02:30Z,208,3,0,Wquqk3vmtHc,AutosVehicles,,1.442307692,0,73
Uni Black Porsche 992 GT3 RS on Silver Wheels â€“ The Cleanest Spec? Sunset Run in 4k,2025-04-09T22:43:47Z,48920,750,52,Zx8yn4cMl7A,AutosVehicles,,1.53311529,6.933333333,74
8. April 2025,2025-04-08T21:59:45Z,83,3,0,1Cnn1ykP320,AutosVehicles,,3.614457831,0,75
ğŸ‘‰DIY - Radhe Radhe ğŸ¥°ğŸ™ !! 1k LIKE ğŸ™ !! #song #viralshort #bhaktisong #bhakti @RC_modul_maker,2025-04-07T18:39:11Z,617,39,0,LnREVyR_yuE,AutosVehicles,,6.320907618,0,76
DIY - HAR HAR MAHADEV ğŸ™ğŸ™ğŸ¥° !! 1LIKEğŸ™ 1SUBSCRIBE ğŸ™ğŸ™ !!1k LIKE !! #music #song #bhkti@RC_modul_maker,2025-04-07T16:34:17Z,1144,16,0,U36IXzVJNos,AutosVehicles,,1.398601399,0,76
ê·¸ëœë“œì²´ë¡œí‚¤ 4xe ë¦¬ë¯¸í‹°ë“œ ë§ˆì§€ë§‰ êµ¬ì…ê¸°íšŒ!#ì§€í”„ #ê·¸ëœë“œì²´ë¡œí‚¤4xe #ì§€í”„ í•˜ì´ë¸Œë¦¬ë“œ,2025-04-07T13:51:44Z,1483,10,0,91qR9jn2zBQ,AutosVehicles,,0.6743088334,0,76
6. April 2025,2025-04-06T21:16:10Z,389,3,0,7DqM3jPyqaw,AutosVehicles,,0.7712082262,0,77
so transportiere ich ihr minecraft megges,2025-04-06T15:52:09Z,237711,9806,48,aBj4MTKuCnY,AutosVehicles,,4.125177211,0.4894962268,77
5. April 2025,2025-04-05T20:47:24Z,63,2,N/A,x7Jy_5uY_bQ,AutosVehicles,,3.174603175,#VALUE!,78
Ich Ã¼bernachte das erste mal bei ihr,2025-04-05T19:38:45Z,62,4,0,7ab93eld0aI,AutosVehicles,,6.451612903,0,78
4. April 2025,2025-04-04T16:55:22Z,263,4,0,3lSpt3-dEjY,AutosVehicles,,1.520912548,0,79
Summer Pockets(ì¸ë¨¸í¬ì¼“) PV 2ì°¨ (í•œêµ­ì–´ ë”ë¹™),2025-04-04T15:01:11Z,355,4,3,nACBBEVJZq4,AutosVehicles,,1.126760563,75,79
New 2026 Honda Prelude | Look Walkaround,2025-04-03T07:08:26Z,3020,20,0,FS5INFW_TwM,AutosVehicles,,0.6622516556,0,80
2. April 2025,2025-04-02T16:33:51Z,2183,39,6,cBaoXHhpEDY,AutosVehicles,,1.786532295,15.38461538,81
Die beste *NEUE* Verkleidung fÃ¼r meine ZX6R von Amotopart!,2025-04-02T15:01:15Z,11573,657,54,rQOQvDfSEpc,AutosVehicles,,5.677006826,8.219178082,81
The 2025 Mercedes E Class interior is STUNNING âœ¨ #eclass #mercedes #luxurycars #shorts,2025-04-01T21:54:00Z,36107,478,8,YkY-QBIKAto,AutosVehicles,,1.323843022,1.673640167,82
Ces MACHINES Ã‰tonnantes Te laisserons SANS VOIX ğŸ˜®,2025-03-31T19:00:03Z,49386,150,3,3823nSzdNcI,AutosVehicles,,0.303729802,2,83
Viagem de articulado na linha urbana mais movimentada de FlorianÃ³polis/SC.,2025-03-30T21:01:27Z,83,6,3,AicsxZFupp0,AutosVehicles,,7.228915663,50,84
AlexNinja wieder auf Rollschuhen vor GTA 6,2025-03-29T17:14:31Z,24405,2211,17,Bk35vHdK30Q,AutosVehicles,,9.059618931,0.7688828584,85
à¸­à¸´à¸™à¹€à¸•à¸­à¸£à¹Œà¹€à¸•à¹‡à¸¡à¹ƒà¸š à¹à¸šà¸šà¸ªà¸§à¸¢à¹†à¹€à¸™à¸µà¹‰à¸¢à¸šà¹† à¸„à¹ˆà¸°,2025-03-29T03:06:25Z,604,13,0,CXKCknPt6t8,AutosVehicles,,2.152317881,0,85
and,2025-03-27T19:40:25Z,33,2,0,cjwemqGPVg0,AutosVehicles,,6.060606061,0,87
2026 Pickup DEEPAL HUNTER K50 - Look Walkaround,2025-03-26T06:20:18Z,716,8,0,HtBLX9hCrC8,AutosVehicles,,1.117318436,0,88
New 2025 BYD Summer å¤ Top Option Excellent | Look Walkaround,2025-03-26T02:36:59Z,784,4,0,52cmgKzZ-7c,AutosVehicles,,0.5102040816,0,88
22. MÃ¤rz 2025,2025-03-22T12:29:57Z,645,7,0,NdpMg2BugyU,AutosVehicles,,1.085271318,0,92
2025 Xpeng X9 Max Ultra Long Range | Interior and Exterior Look,2025-03-21T07:27:47Z,140,0,0,lfJVR7fQII8,AutosVehicles,,0,#DIV/0!,93
ğŒğğ«ğœğğğğ¬ ğ’ğ©ğ«ğ¢ğ§ğ­ğğ« ğ•ğˆğ ğ‹ğ®ğ±ğ®ğ«ğ² ğğ®ğ¬ğ¢ğ§ğğ¬ğ¬ - ğ…ğ¢ğ«ğ¬ğ­ ğ‚ğ¥ğšğ¬ğ¬ ğ„ğğ¢ğ­ğ¢ğ¨ğ§ 2025 | Look Walkaround,2025-03-21T01:50:16Z,32,0,0,-4ZVZHCSd9Y,AutosVehicles,,0,#DIV/0!,93
Top 10 Cars Made For Only BILLIONAIRES!,2025-03-20T12:30:58Z,30,3,1,sjOo4yWTjX8,AutosVehicles,,10,33.33333333,94
2025 Mercedes GLS600 Maybach 2-Tone | Look Walkaround,2025-03-20T07:06:45Z,192,1,0,l4S-fU75i8g,AutosVehicles,,0.5208333333,0,94
,,,,,,,,#DIV/0!,#DIV/0!,#VALUE!
,,,,,,,,#DIV/0!,#DIV/0!,#VALUE!
pov: taking the nyc subway with a labubu be like,2025-04-15T07:56:31Z,3318,21,5,qaiFqC56a3c,Comedy,,0.6329113924,23.80952381,68
#TRENDING#trendingshortsVIDEO#DAILEY NEW VIDEOS EDITING  upload a video or record a Short on YouTube,2025-04-14T15:17:16Z,143,3,0,ENY3gui6JSA,Comedy,,2.097902098,0,69
"PRETENDING TO BE A GUY BUT A TEACHER!This Guy Style MAKES NETIZENS THINK TWICE!"""" #trending #funny",2025-04-13T01:00:41Z,31452,230,N/A,h9doC-y7lnQ,Comedy,,0.731273051,#VALUE!,70
Everybody wants a flower,2025-04-12T15:10:00Z,39154332,218434,60,uH7eXQLxNLs,Comedy,,0.5578795215,0.02746825128,71
"PRAMUGARI GOT A TRANSFER FROM A BULE BROTHER! His Reaction Made The Captain SURPRISED!!""#trending",2025-04-12T01:00:31Z,33576,222,N/A,MSy8HG1Pni0,Comedy,,0.6611865618,#VALUE!,71
Cette pote qu'a bloquÃ© sur un mec #humour #pourtoi #foryou,2025-04-11T17:00:32Z,2095850,85823,321,Ileaal3rYRU,Comedy,,4.09490183,0.3740256109,72
"yah video Bihari Babu 034 15 ,4,25, ko YouTube per a rahi hai",2025-04-11T16:14:05Z,1703,87,3,Wznd68PTDFA,Comedy,,5.108631826,3.448275862,72
Unboxing A New Pair Of Giannis Immortality 4 And Playing In Them! -mikejuniorhoops,2025-04-10T18:17:20Z,76,3,1,BfMmttixgB8,Comedy,,3.947368421,33.33333333,73
Partie 1 | Quand ton fils a Ã©nervÃ© TA FEMME ğŸ˜¡ @ethan.pn #short #animation #humour #drole #sketch,2025-04-10T15:49:14Z,4827772,112736,482,qRBiY9gL2RM,Comedy,,2.335155844,0.4275475447,73
still a buckğŸ¤£ #basketball #goviral #sports #trending #shortsviral #like #funny #ballislife #tiktok,2025-04-10T15:28:04Z,31917,327,4,mT8cP5jO2zw,Comedy,,1.024532381,1.22324159,73
Aisha Takes Control! | Scenes From a Hat | Whose Line Is It Anyway?,2025-04-10T01:00:05Z,614838,8195,214,4CHaFtexJfU,Comedy,,1.332871423,2.611348383,73
Mr. Singh and the Sassy Sardarnis - I'd Rather Kiss a Cow Than Call You a Gal,2025-04-08T16:00:10Z,4727,25,6,49DXmkIBHjg,Comedy,,0.528876666,24,75
THE TRAP ğŸ¤£ğŸ¤£ ( A Hunter Who Went To Hunt Gets Hunted ğŸ˜°ğŸ˜° )!!,2025-04-08T11:00:07Z,458053,2529,132,eV9YURApXI8,Comedy,,0.5521195146,5.21945433,75
Sohan mâ€™a remplacer â€¦ ğŸ’”,2025-04-04T16:25:37Z,1470281,37766,506,OpxLddC-jUY,Comedy,,2.568624637,1.339829476,79
Spell DUBAI In A Different Way *Philadelphia Pennsylvania*,2025-04-03T23:00:20Z,64,2,0,OmTW3IKevDk,Comedy,,3.125,0,80
KDM MEETS ELEMENTARY SCHOOL FRIENDS Kang Dedi Mulyadi Immediately Takes a Line-Up Test!,2025-04-03T01:00:28Z,10682,61,N/A,ODy4pKRBy88,Comedy,,0.5710541097,#VALUE!,80
TOFU TRADERS want to meet Kang Dedi Mulyadi! A touching moment that will make you cry!,2025-04-02T08:00:28Z,26750,852,N/A,XPiqdRBiouE,Comedy,,3.185046729,#VALUE!,81
Mr. Singh and the Sassy Sardarnis - WEF's Lil' Pet,2025-04-01T14:13:36Z,34,3,0,zXm4jyEBQjs,Comedy,,8.823529412,0,82
A Slip In The Dark!,2025-03-31T16:00:01Z,786,48,4,0VTQprDoOL4,Comedy,,6.106870229,8.333333333,83
Can You Spell Dubai â€¦ In A Different Way? #explore #shorts #qanda,2025-03-30T18:00:19Z,1013,9,0,YpO1sijkmSs,Comedy,,0.8884501481,0,84
met a millionaire #trending #interview #reaction #tv #goviral #like #fashion #texas #clothing #brand,2025-03-28T14:00:17Z,473,10,3,FGh9cMWuZOc,Comedy,,2.114164905,30,86
The Renegger (It's a euchre thing),2025-03-28T13:00:21Z,1166,107,2,F1-JEROxcFc,Comedy,,9.176672384,1.869158879,86
MISCOMPLETE: Husband Misunderstands: A Nighttime Drama That Will Make You Laugh!,2025-03-26T01:00:42Z,11473,104,N/A,qocM6YbuYQU,Comedy,,0.9064760743,#VALUE!,88
Gen-Z Influencers as Parents | Take A Break,2025-03-23T03:29:55Z,1388183,34124,963,RuTenKg50Vg,Comedy,,2.458177344,2.82206072,91
get a buck kidğŸ¤£ #trending #basketball #tiktokviral #tiktok #tiktokvideo #sports #goviral #like,2025-03-22T13:48:07Z,3844,195,2,RoOaDX1x8tE,Comedy,,5.072840791,1.025641026,92
Jonah A VeggieTales Movie (2002) Theatrical Teaser Part 2 (FULL SCREEN),2025-03-22T04:02:34Z,0,0,0,LlPVA4vXokE,Comedy,,#DIV/0!,#DIV/0!,92
Beautiful AI Short Story of a Wise Tortoise and Proud Rabbit #ai#youtubeshorts#shorts#viral#ytshorts,2025-03-18T02:01:19Z,49,9,0,WwL5Ib0ZWnM,Comedy,,18.36734694,0,96
Messing with Doug he has a gyat #gorillatag #gtag #vr #gorillatagfun,2025-03-15T13:19:27Z,479,20,9,jjk5sMdrj9s,Comedy,,4.175365344,45,99
Sigma Son  #short #drama #dramamovies,2025-03-11T04:00:25Z,2428530,44863,100,MNVBYyZ6k84,Comedy,,1.847331513,0.2229008314,103
My guy has a future lolğŸ¤£#gorillatag #gtag #vr,2025-03-09T10:56:48Z,964,38,6,rahQn18GjNg,Comedy,,3.941908714,15.78947368,105
A Short Leash.,2025-03-07T02:00:03Z,544,78,3,2_q3itfWwSc,Comedy,,14.33823529,3.846153846,107
Russian roulette is not the same without a gunâ€¦#gorillatag #vr,2025-03-02T18:18:02Z,490,12,1,uBV_4vUM4KM,Comedy,,2.448979592,8.333333333,112
,,,,,,,,#DIV/0!,#DIV/0!,#VALUE!
,,,,,,,,#DIV/0!,#DIV/0!,#VALUE!
Spooky Mystical Fairy Tale Compilation | The Wolf and the Seven Little Goats  Pinkfong Official,2025-04-15T23:00:46Z,2305850,3488,0,gYSYFEQAv5c,Education,,0.1512674285,0,68
Mashallah subhan Allah tilawat Quran majeed in a beautiful Islamic video â¤ï¸ #shorts #ytshorts #love,2025-04-15T07:31:40Z,27583,1857,6,MYbyCnM6ZSM,Education,,6.732407642,0.3231017771,68
The Hole In Relativity Einstein Didnâ€™t Predict,2025-04-14T16:31:04Z,7806695,232945,12899,lcjdwSY2AzM,Education,,2.983913167,5.537358604,69
A restaurant and a complaint ğŸ½ï¸,2025-04-14T15:46:11Z,7900741,159564,113,LcxUIaZsOVY,Education,,2.019608034,0.07081797899,69
"20 for 200 in a book, good businessğŸ¤¯ğŸ¥º #short",2025-04-14T15:38:53Z,1623,6,0,qyIrNAoGC28,Education,,0.3696857671,0,69
"Drink 1 Tablespoon A Day! - Beat Diabetes, Weight Gain, Fatigue & Inflammation | Jessie InchauspeÌ",2025-04-14T12:33:41Z,254577,5583,436,26MzE1yxKnQ,Education,,2.193049647,7.809421458,69
Mashallah subhan Allah tilawat Quran majeed in a beautiful voice of united state â¤ï¸#shorts #quran,2025-04-14T07:24:58Z,15878,1219,15,mEtLyRfggvs,Education,,7.677289331,1.230516817,69
"Draw Heart â¤ï¸ in Just ""20 Sec"" â±ï¸ | A Wonderful Fastest Way | How to draw heart shape in illustrator",2025-04-14T05:41:22Z,33,2,0,NSS61Ppu2oM,Education,,6.060606061,0,69
a man and tiger ğŸ…ğŸ¯,2025-04-14T02:39:03Z,1425,19,0,zLCXndNeyX4,Education,,1.333333333,0,69
"How To Make A Churchwarden Pipe, With Simple Tools",2025-04-13T21:52:29Z,3439,210,65,LuyKW9PQtCU,Education,,6.106426287,30.95238095,70
Como Usar Taioba no Lanche,2025-04-13T13:00:01Z,135,4,8,aE7PHAF-4ok,Education,,2.962962963,200,70
Mashallah surah Al fatha in a beautiful voice of united state â¤ï¸#shorts #quran #love #like #live #uk,2025-04-13T06:59:06Z,1696,115,2,HYRemFr92fE,Education,,6.780660377,1.739130435,70
"Build a Resume-Worthy Full Stack App in a Weekend | React, Spring Boot MongoDB | EP1: Demo & Setup",2025-04-12T18:49:13Z,69,0,0,5y03apPF0js,Education,,0,#DIV/0!,71
They are collecting garbage but the girls have a big â¤ï¸ğŸ”¥ #shorts,2025-04-12T17:38:48Z,32614,92,0,WZiPrJOdSYM,Education,,0.2820874471,0,71
PÃSCOA! A verdadeira histÃ³ria || SEMANA SANTA EXPLICADA PARA CRIANÃ‡AS ğŸ£âœ¨,2025-04-12T12:00:01Z,126713,1609,61,aGkJX3sf4UY,Education,,1.269798679,3.791174643,71
Shocking UFO Cover-Up: Evidence from a Former Air Force Officer,2025-04-11T13:01:29Z,5272,291,5,sP6IvreeBi8,Education,,5.519726859,1.718213058,72
Elevator Free Fall ğŸ˜± How to Survive a Falling Elevator? | Lift Safety Tips with Dr. Binocs,2025-04-11T12:30:52Z,2200711,4213,0,orv0mGIB5Cs,Education,,0.1914381307,0,72
Um ano a cuidar de um tio com cancro,2025-04-11T07:49:50Z,27,0,0,qNbxvkvbWC4,Education,,0,#DIV/0!,72
Death of a Hornet Colony ğŸ˜¨,2025-04-10T13:01:50Z,2495633,109109,226,byH7o6IKjU8,Education,,4.371997004,0.2071323172,73
Dark Female Psychology | Sheâ€™ll Break You Without Saying a Word,2025-04-09T20:01:47Z,321,16,1,vfFNmDqu9Cw,Education,,4.984423676,6.25,74
"Prova do DETRAN 2025, conteÃºdo para a prova do DETRAN 2025",2025-04-09T16:32:43Z,1122,59,2,BWCgqsq9VdM,Education,,5.258467023,3.389830508,74
A Casa de CabeÃ§a pra Baixo âœ¨ Historinha EngraÃ§ada do Detetive Labrador ğŸ” 1 Hora ğŸ¬ CompilaÃ§Ã£o,2025-04-09T13:01:33Z,1771616,4037,0,wUX70diWDaQ,Education,,0.2278710511,0,74
Spin the CoComelon Wheel and Win a ğŸˆğŸ» BALLOON ANIMAL! Guess Which Animal! #shorts,2025-04-09T07:00:24Z,5947330,42394,0,XC7alcOCZ2U,Education,,0.712824074,0,74
a man by the new car,2025-04-09T05:55:58Z,1843,11,0,3r7RrIz-qlY,Education,,0.5968529571,0,74
Mashallah subhan Allah tilawat Quran majeed in a beautiful voice of united state â¤ï¸#shorts #quran,2025-04-09T05:07:33Z,2682,199,4,6iwYBEH_PNA,Education,,7.419835943,2.010050251,74
ğŸš¨ Como SÃ£o as Provas no EAD DA UNIASSELVI em 2025?,2025-04-08T21:45:41Z,1612,165,41,9Oe4oiZ-1zA,Education,,10.23573201,24.84848485,75
Receiving food on the plane âœˆï¸ #teachingenglish #englishlanguage,2025-04-08T18:59:32Z,38980175,623973,471,g_lmmkgnjVI,Education,,1.600744481,0.07548403537,75
I have a magicğŸŒŸğŸ’« #shorts,2025-04-08T15:37:44Z,2089,8,0,VZjB20MndUo,Education,,0.3829583533,0,75
De Product Manager a Head of Product: descubre cÃ³mo escalar tu carrera segÃºn Eloi Pardo de Cabify ğŸ§©,2025-04-08T14:05:39Z,1,1,6,IYJT7Yw5Xf8,Education,,100,600,75
Mashallah subhan Allah tilawat Quran majeed in a beautiful voice of united state â¤ï¸#shorts #love #uk,2025-04-08T13:25:48Z,36940,1387,12,Yn-wm0DOaRs,Education,,3.754737412,0.8651766402,75
Del DesÃ¡nimo a las VENTAS: 7 consejos para Vender Camisetas personalizadas,2025-04-07T23:15:31Z,156,10,3,3BgFbISy3Es,Education,,6.41025641,30,76
Mashallah subhan Allah tilawat Quran majeed in a beautiful voice of united state â¤ï¸#shorts #quran,2025-04-07T19:18:45Z,3420,175,2,4IKB_F1CkKg,Education,,5.116959064,1.142857143,76
Â¿Ronin volverÃ¡ a explotar en 2025? AnÃ¡lisis completo de RON,2025-04-07T19:02:36Z,106,4,1,HMx8yfCO46A,Education,,3.773584906,25,76
"Prova do DETRAN 2025, conteÃºdo para a prova do DETRAN",2025-04-07T16:31:49Z,1248,61,0,shy5BLEU9F4,Education,,4.887820513,0,76
A small effort from my sideğŸ”¥ #shorts,2025-04-07T15:27:31Z,1388,7,0,2gierEWFoww,Education,,0.5043227666,0,76
Mashallah subhan Allah tilawat Quran majeed in a beautiful voice of united state â¤ï¸#shorts #quran,2025-04-07T07:14:18Z,1368,54,1,axiIns-gtKs,Education,,3.947368421,1.851851852,76
Migraine Myths Busted! Truths You Didnâ€™t Know by a Top Neurologist,2025-04-06T14:00:11Z,177,3,0,7MC40RaosI0,Education,,1.694915254,0,77
Mashallah subhan Allah tilawat Quran majeed in a beautiful voice of united state â¤ï¸#shorts #quran,2025-04-06T06:08:24Z,1700,90,3,7IRS0B8N-G4,Education,,5.294117647,3.333333333,77
a dogs driving the ğŸš—,2025-04-06T04:50:21Z,481,1,0,89-xMQjP7OE,Education,,0.2079002079,0,77
The Strategy for a Fearless Life: Your Path to Confidence and Power,2025-04-05T13:00:24Z,284,12,4,LoBGq4xtNy0,Education,,4.225352113,33.33333333,78
Mashallah Telawat Quran majeed in a beautiful voice of united state â¤ï¸#shorts #ytshorts #quran #love,2025-04-05T06:01:27Z,1705,79,0,lgIZuqTYTw8,Education,,4.633431085,0,78
A small effort for that girlğŸ”¥ğŸ“ˆ... #shorts,2025-04-05T02:45:06Z,31962,61,0,s_YEbeEY1bc,Education,,0.1908516363,0,78
A day at a fast food restaurant ğŸ§ƒ#englishlanguage #teachingenglish,2025-04-04T16:02:48Z,7501614,168763,180,JOv2deh6wn4,Education,,2.2496892,0.10665845,79
Daily use most important and brilliant facts daily life using a #facts #youtuber #shorts #youtube,2025-04-04T14:28:55Z,162738,276,0,r0kD9WCZ900,Education,,0.1695977584,0,79
a man and dogs ğŸ•ğŸ¶ğŸ•,2025-04-04T10:36:29Z,254,0,0,qUutEyzjQls,Education,,0,#DIV/0!,79
,,,,,,,,#DIV/0!,#DIV/0!,#VALUE!
,,,,,,,,#DIV/0!,#DIV/0!,#VALUE!
A LIZ BOLADONA FOI PICADA POR UM BICHO ESTRANHO *deu ruim,2025-04-15T20:42:01Z,263974,4194,293,1aIWSstD6UU,Entertainment,,1.588792836,6.98617072,68
ğŸ¥œ Found a Peanut | Good habits for Kids | Nursery Rhymes & Children Songs | CGrhymes,2025-04-15T14:08:08Z,23742,129,0,6og7_COsnoo,Entertainment,,0.5433409148,0,68
Wheels on the Bus Go Round! ğŸšŒ + More Wheels On The Bus Songs ğŸµ | CoComelon Nursery Rhymes for Kids,2025-04-15T11:01:06Z,1503948,7578,0,eDWU984jizo,Entertainment,,0.5038738041,0,68
DIY a SQUISHY ğŸ˜€ Play-Doh Blippi Face! Follow the steps! #blippi #shorts,2025-04-15T07:00:23Z,20271292,147456,0,J0SN5JpA5_s,Entertainment,,0.7274129345,0,68
El juicio de @WestCOL The Juanpis Live Show,2025-04-14T22:25:35Z,2182384,44806,2818,FVRoXLNb4ZA,Entertainment,,2.053075902,6.28933625,69
I might become a GD channel nowâ€¦ #shorts #youtubeshorts #gaming #game #geometrydash,2025-04-14T21:30:11Z,975,2,0,WKGsU8vIFDY,Entertainment,,0.2051282051,0,69
Had to pull out the bobğŸ’ğŸ»â€â™€ï¸,2025-04-14T18:30:36Z,59222735,844611,2800,OEdp_ZefzHY,Entertainment,,1.426160072,0.3315135607,69
From Abandoned to Adored: A Puppyâ€™s Journey of Hope,2025-04-14T18:30:29Z,12446,488,1,RaahQnw80cc,Entertainment,,3.920938454,0.2049180328,69
This Girl Lives in a City That Shouldnâ€™t Exist (2) - Anime Recap,2025-04-14T13:30:35Z,782,19,0,ZQZYzmxzNFg,Entertainment,,2.429667519,0,69
í˜¼ëˆì˜ ì² ì¸ 3ì¢… ê²½ê¸°(?)ğŸ’ªğŸ… âœ¦Êš Hearts Chase EP.4 Éâœ¦,2025-04-14T11:00:34Z,463615,34461,1353,IwFb9c9h3S0,Entertainment,,7.433107212,3.926177418,69
Get ready for a gaming blastwith our community #gamingcommunity #gamersunite,2025-04-14T01:28:32Z,32972,335,1,B69mDF1kxOg,Entertainment,,1.016013587,0.2985074627,69
"Blossom Casts a Spell, Gargamel Falls in LOVE, & More Magic Potions! ğŸª„ | 1 Hour | Shimmer and Shine",2025-04-13T11:59:46Z,858626,1591,0,9ZXfant_u_w,Entertainment,,0.1852960427,0,70
çŠ¬ã®ãµã‚Šã—ãŸäººé–“ï¼Ÿ #ãƒ›ãƒ©ãƒ¼ #horror,2025-04-13T01:31:34Z,1804976,19746,258,A68GEG0q_hY,Entertainment,,1.093975765,1.306593741,70
A GABI VIROU MY BEST DA LULU?,2025-04-12T20:12:20Z,1568570,14110,152,zPbj0go05Kg,Entertainment,,0.8995454459,1.077250177,71
Court - State Vs. A Nobody Movie Explained In Hindi || South Movie Explained In Hindi || Movies Time,2025-04-12T15:20:16Z,112330,1778,37,ycNfl-zcugs,Entertainment,,1.582836286,2.080989876,71
"Every Competition I Win, the Gymnast Gets Older",2025-04-12T13:00:03Z,8061527,14380,1912,fsea6bjNGtc,Entertainment,,0.1783781162,13.29624478,71
I turned into a monsterğŸ˜±ğŸ‘»â¤ï¸,2025-04-12T08:07:16Z,9221673,105307,180,FxT1pCDq0OE,Entertainment,,1.141951141,0.1709288082,71
ğŸ«£ Peek-a-Boo! I See Boo! ğŸˆ ã…£Bebefinn Playtime | Musical Stories,2025-04-11T22:00:46Z,25988289,30711,0,_B1kcCNGTp8,Entertainment,,0.1181724584,0,72
Fall in Norway: A Colorful Energy Boost for the Spirit!,2025-04-11T21:35:25Z,13,3,0,Zj5RjIrkjlA,Entertainment,,23.07692308,0,72
QUANDO VC VAI LAVA A LOUÃ‡A *surge coceira do nada ğŸ‘ğŸ»,2025-04-11T21:30:18Z,5047,236,8,o3gAfD25v78,Entertainment,,4.676045175,3.389830508,72
die with a smile #funny,2025-04-11T19:09:21Z,78,4,N/A,_-gjN9KNHSQ,Entertainment,,5.128205128,#VALUE!,72
How To Talk To A Woman Without Being Weird!,2025-04-11T19:01:00Z,2090,187,90,yykLafAqsnQ,Entertainment,,8.947368421,48.12834225,72
A CULPA Ã‰ SEMPRE MINHA â‰ï¸â¤ï¸ğŸ¥¹,2025-04-11T12:01:28Z,32596,3203,27,p0W_tFkiuss,Entertainment,,9.826359062,0.8429597253,72
Aã‡! group officialã€æ„›çŠ¬ã‚»ãƒŠã«ãªã‚‹æœ«æ¾¤ã€‘å‚¬çœ è¡“ã§ç¥å›ãŒã‚„ã£ã¦ããŸâ€¼ï¸ã€œPart2ã€œ,2025-04-11T00:00:10Z,1014937,48614,2132,75xqDBvpMDw,Entertainment,,4.789853952,4.385567943,72
A gente se vÃª no deserto! Vamos juntos nesse novo capÃ­tulo da minha histÃ³ria ğŸ™ğŸ½,2025-04-10T22:04:04Z,6646,424,27,xy_fYETTvaE,Entertainment,,6.37977731,6.367924528,73
ğŸ”¥Save Dad! The Floor Is Lava #bebefinn #shorts #kidssong,2025-04-10T22:00:17Z,7794469,54205,0,JIQtRqSyZQg,Entertainment,,0.6954290279,0,73
Pops took a nap ğŸ˜­ #fyp #funny #viral #dad #fail #laugh (via: nocaptain0),2025-04-10T21:14:25Z,62034,849,0,zaeGgFPBkkY,Entertainment,,1.368604314,0,73
How To Impress A Woman In The First 5 Minutes! ğŸ˜,2025-04-10T19:00:03Z,1322,171,73,2yliww1LZLY,Entertainment,,12.93494705,42.69005848,73
LILY APPREND A DRESSER UN CHIEN ! - PINK LILY,2025-04-10T16:00:17Z,491178,3590,26,8LjjJY6IP3s,Entertainment,,0.7308959277,0.7242339833,73
ARIANA a DISPARUT in MUNTI - ZAPADA - FRIG!,2025-04-10T10:01:20Z,130518,1056,51,w3xXETaEKms,Entertainment,,0.8090838045,4.829545455,73
Blippi Puts out a FIREğŸ”¥! Toy Blippi is a FirefighterğŸš’! #blippi #shorts,2025-04-10T07:00:09Z,4844797,28767,0,8QzOgxvJYAc,Entertainment,,0.5937710084,0,73
Get ready for a gaming blastwith the coolest shorts around #gamingcommunity #shortsvibes,2025-04-10T01:38:35Z,14713,173,1,vTdD8MWFRu8,Entertainment,,1.175830898,0.5780346821,73
Jack Black - Steve's Lava Chicken (Official Music Video) | A Minecraft Movie Soundtrack | WaterTower,2025-04-09T18:12:30Z,59220122,488525,10530,41O_MydqxTU,Entertainment,,0.8249307558,2.15546799,74
Is that a real lipstick ğŸ’„ ğŸ˜‚â¤ï¸,2025-04-09T03:00:51Z,75205195,227840,89,sRpi_-dxNy4,Entertainment,,0.3029577943,0.0390625,74
Get ready for a gaming blast with our community! ğŸš€ğŸ’» #gamingcommunity #gamersunite,2025-04-09T00:41:28Z,23615,234,0,6PtlaZeLKeE,Entertainment,,0.9908956172,0,74
The $450 Million Da Vinci That Vanished Without a Trace,2025-04-08T21:00:44Z,3175,70,13,jRetS5gfO6Y,Entertainment,,2.204724409,18.57142857,75
PONGO EN ADOPCION A MIS HIJASâ€¦*lo siento!*,2025-04-08T18:40:00Z,706332,14645,5984,RGvwMlp0YQk,Entertainment,,2.073387585,40.8603619,75
The Pistachio! I thought I would give this one a crack! #amauryguichon #chocolate #pistachio,2025-04-08T17:08:18Z,22552538,502837,1906,oorjh8h8EZg,Entertainment,,2.229624887,0.3790492744,75
Get ready for a gaming blast with our community! ğŸ®ğŸ’» #gamingcommunity #gameon,2025-04-08T01:20:44Z,20829,265,0,K3pydrSrIuk,Entertainment,,1.272264631,0,75
Put his brother on a poster ğŸ˜­ #fyp #viral #blowthisup4me #basketball #dunk (via: coachmoe3),2025-04-07T21:44:43Z,537389,5633,81,fBTXdHAKNxE,Entertainment,,1.048216469,1.437954909,76
Do THIS to Make a Woman Respect You IMMEDIATELY! ğŸ˜,2025-04-07T19:00:43Z,1627,169,95,u7_cDfmFRY0,Entertainment,,10.38721573,56.21301775,76
ME AJUDE A ENCHER O CARRO DO MEU PAI COM ESPUMA !!! #shorts,2025-04-07T15:29:28Z,8796828,158861,169,w6K8BT8CB1Y,Entertainment,,1.805889577,0.1063823091,76
âœ¨ Fun Print Trick! ğŸŒ¸ Make a Colorful Flower Using Bubble Wrap Stamps!,2025-04-07T12:00:35Z,6904290,60414,0,JzG9nvQZr2E,Entertainment,,0.8750211825,0,76
pov: watching a horror movie with bae ğŸ’€ğŸ˜­ #shorts #viralshorts,2025-04-07T02:42:58Z,387,11,0,3nDe_bFuYTU,Entertainment,,2.842377261,0,76
Get ready for a gaming blastwith the best community around #gamingcommunity #shortsgaming,2025-04-07T02:29:28Z,10844,193,0,ldRX12zHPRc,Entertainment,,1.779786057,0,76
,,,,,,,,#DIV/0!,#DIV/0!,#VALUE!
,,,,,,,,#DIV/0!,#DIV/0!,#VALUE!
A Weak Boy Reincarnates as a Slime and Becomes a Demon Lord Ruling a Kingdom! ğŸ˜±ğŸ”¥,2025-04-15T17:09:56Z,51460,443,6,G-FT8DLRpxQ,FilmAnimation,,0.8608628061,1.354401806,68
"THE LIFE OF CHUCK - Official Trailer - In Select Theaters 6.6, Everywhere 6.13",2025-04-15T15:59:07Z,4621688,22554,2012,dOyXdwXt8d4,FilmAnimation,,0.4880035173,8.920812273,68
Acusada de Seduzir Seu Aluno | A LiÃ§Ã£o Fatal | Filme Completo Dublado,2025-04-15T15:00:16Z,793143,8503,337,NgUJAibIpUw,FilmAnimation,,1.072063928,3.963307068,68
"For what itâ€™s worth,just keep the Infinity Stones away from Thanos.#viralvideo #shortvideo #shorts",2025-04-15T13:03:00Z,20630279,787372,2547,6qZ9SVPnoP8,FilmAnimation,,3.816584352,0.32348115,68
i am not a robot frğŸ’€ğŸ‘,2025-04-14T23:06:51Z,760,8,0,0mDtIT8y_Gc,FilmAnimation,,1.052631579,0,69
The Flower Girls Save the Wedding! ğŸ’ | BRAND NEW CLIP - Bluey: The Sign ğŸª§ | Bluey,2025-04-14T15:00:45Z,1769597,3001,N/A,R3toB8gv2Kw,FilmAnimation,,0.1695866347,#VALUE!,69
Iron Man was ready to sacrifice himself to save the world a long time ago. #viralvideo #shorts,2025-04-14T13:03:00Z,1059277,29887,256,mCC-tp6gYoY,FilmAnimation,,2.821452746,0.8565597082,69
The Genius of Gianni Versace Alive | Fashion Documentary | Full Movie,2025-04-13T23:00:06Z,137,7,0,BZ48Uht3Ems,FilmAnimation,,5.109489051,0,70
Sister Returns After 9 Years... With a Terrifying Secret!,2025-04-13T17:01:56Z,6290950,94801,3118,2Gr6_cRQbc8,FilmAnimation,,1.506942513,3.288994842,70
The Loud House Kids Outsmarting Adults for 60 MINUTES! ğŸ¤“ | The Loud House,2025-04-13T13:59:57Z,2290575,7753,0,Tzi0fuLSoQQ,FilmAnimation,,0.338473964,0,70
Thanos: When did I offend such a strong woman?#viralvideo #shortvideo #shorts,2025-04-13T13:03:00Z,11902577,303245,2993,mc5Msw35W3k,FilmAnimation,,2.547725589,0.9869907171,70
[1-167] Reincarnated As A Villain He Started Cultivation Inside His Mother's Womb | Manhwa Recap,2025-04-13T12:00:41Z,35336,1044,59,Pquhyfu_CDc,FilmAnimation,,2.954494,5.651340996,70
A quien no haya visto esta pelÃ­cula se la RECOMIENDO |UNA CASA AL BORDE DEL BOSQ |  ğŸ”¥ PELIÌCULA 2025,2025-04-12T23:08:35Z,4973160,52173,2303,8Bwssihr5Y0,FilmAnimation,,1.049091523,4.414160581,71
Kowloon Generic Romance Anime Recap - The Romantic Anime with a Twist,2025-04-12T21:08:17Z,1437,5,1,kYtd4ktkKXM,FilmAnimation,,0.347947112,20,71
DONE FOR - EPIC: The Musical | DONE FOR COVER en ESPAÃ‘OL | EPIC | David Delgado ft. @ArikaFD,2025-04-12T17:01:01Z,261412,6670,381,m2XknTmorUE,FilmAnimation,,2.551527856,5.712143928,71
"Cap, who has lost his shield and has a big moustache, is here to save you. #viralvideo #shorts",2025-04-12T13:03:00Z,135247,3864,80,llx-pNvyhLc,FilmAnimation,,2.85699498,2.070393375,71
Smejko a Tanculienka - Preteky,2025-04-12T07:00:48Z,492064,350,0,nYlAa432M1I,FilmAnimation,,0.07112895883,0,71
Jinshi Gets a Pin | The Apothecary Diaries Season 2,2025-04-11T19:00:45Z,378135,9059,393,oicG8_9PDFU,FilmAnimation,,2.395705238,4.338227177,72
"A Quiet Place Full Series Explained in Hindi  Part 1, 2 & 3 in 1 Minute",2025-04-11T11:49:22Z,8,2,0,vFZW74YeSaI,FilmAnimation,,25,0,72
A quien no haya visto esta pelÃ­cula se la RECOMIENDO |Puede llamarme papa |  ğŸ”¥ PELIÌCULA 2025,2025-04-10T22:54:19Z,1119958,4100,142,f5s3G3HB0c0,FilmAnimation,,0.3660851568,3.463414634,73
I hope to see such a brave Hulk again. #viralvideo #shortvideo #shorts,2025-04-10T15:03:00Z,846330,18971,287,AES3iSNihBQ,FilmAnimation,,2.241560621,1.51283538,73
The policeman hurt the police.#foryou #eastnewyork #shorts #tvshow,2025-04-10T11:21:49Z,59099,1024,9,lCYjdYpcHz0,FilmAnimation,,1.732685832,0.87890625,73
"A GUARDIAN ANGEL - PEARL SHIM, CHISOM SOPHIA (SOSO), BRYAN OKWARA, 2025 LATEST NIGERIAN MOVIE",2025-04-09T16:00:27Z,1639631,23070,1906,FX3DVv-MPvE,FilmAnimation,,1.407023897,8.261811877,74
OIIAOIIA CAT is Calling NIKPIG BLUPPI.EXE - Spinning Cat Meme Remix 2025,2025-04-09T11:58:06Z,3937716,9123,126,coqc5O61RcM,FilmAnimation,,0.2316825287,1.38112463,74
This is probably what a weakened Hulk could do.#viralvideo #shortvideo #shorts,2025-04-08T13:03:00Z,18816482,367415,2358,c26awoge_70,FilmAnimation,,1.952623237,0.6417810922,75
Bluey FULL EPISODE | Muffin Has to Wear a Cone of Shame! ğŸ¥º | @disneyjr  x @BlueyOfficialChannel,2025-04-08T11:45:03Z,2783224,6138,0,reGHW4k1FHU,FilmAnimation,,0.2205356091,0,75
I canâ€™t believe theyâ€™re still someone in front of a police station#lukecage #foryou #tvshow #shorts,2025-04-08T10:38:58Z,32957,1151,6,VhpkPp3JBBY,FilmAnimation,,3.492429529,0.5212858384,75
ã€Fullã€‘æƒåœ°é˜¿å§¨ç«Ÿæ˜¯æŒç®¡å¤©ä¸‹ä¸€åˆ‡ç”Ÿæ­»çš„å¤§å¸å‘½ï¼éš±é€€åå¹´è¢«ç•¶æˆå»¢ç‰©ï¼Œè¦‹å¦¹å—è¾±ç§’è®Šä¿®ç¾…ï¼Œæ‰‹æ’•ä¿æ½”æœäº®ç”Ÿæ­»å°é‚£åˆ»ï¼Œå…¨çƒé¡«æŠ–ï¼ #çŸ­åŠ‡ #é€†è¥² #çˆ½åŠ‡,2025-04-07T10:00:36Z,419350,2759,199,RcgkAdohl1U,FilmAnimation,,0.657922976,7.212758246,76
"ğŸ’•A Drunk Girl Slept With A CEO, And Unexpectedly Got Pregnant With Triplets That Nightï¼",2025-04-06T14:01:05Z,12731,149,1,t3Okb6gS3x8,FilmAnimation,,1.170371534,0.6711409396,77
A woman who scares even Thanos. #viralvideo #shortvideo #shorts,2025-04-06T13:02:00Z,5413279,112439,1960,Y14j7CWpemk,FilmAnimation,,2.077095971,1.743167406,77
One side found the body and one side found the head.#lukecage #tvshow #shorts #foryou,2025-04-06T10:56:10Z,377572,7874,19,HtmuRjKDxmE,FilmAnimation,,2.085430064,0.2413004826,77
The Gruffalo Trailer | Knowledge Kids,2025-04-06T07:00:23Z,2480,11,N/A,VzWG0lORSM0,FilmAnimation,,0.4435483871,#VALUE!,77
A loud crowd reaction to â€œchicken jockeyâ€,2025-04-06T04:24:45Z,1397,37,5,mS9LZYXCDN0,FilmAnimation,,2.64853257,13.51351351,77
TINKERBELL VILLAIN SONG PART 2 - Take the Shot | Animatic | Cover EspaÃ±ol | David Delgado,2025-04-05T19:30:00Z,370604,12310,609,-aqW4J4Hsvs,FilmAnimation,,3.321604732,4.9471974,78
Â¡Conozcan a la pandilla! ğŸ¦ | DreamWorks Madagascar en EspaÃ±ol Latino,2025-04-05T17:00:27Z,1683648,2474,0,LpXyUjWxQ18,FilmAnimation,,0.1469428289,0,78
PAW Patrol |Â¡PAW Patrol Rubble a la Torre de Vigilancia! con Marshall | 1 Hora | Nick Jr. en EspaÃ±ol,2025-04-05T12:01:26Z,8863485,32304,0,wSqOIWwil5o,FilmAnimation,,0.3644616085,0,78
"ğŸ”´ LIVE! NEW Bluey Full Episodes MEGA Marathon! ğŸ’™ | Picnic, Games, Dancing, and More! | @disneyjr",2025-04-04T20:21:25Z,3603760,8620,0,DbXY5Kt6zA4,FilmAnimation,,0.239194619,0,79
ğŸ”´ LIVE! All Minnie's Bow-Toons! ğŸ€ | NEW BOW-TOONS: PET HOTEL SHORTS! ğŸ¨ | @disneyjrâ€‹,2025-04-04T17:01:30Z,2898561,5486,0,ga-uMmWwUiI,FilmAnimation,,0.1892663291,0,79
ğŸ”´ LIVE! Phineas and Ferb Season 1 Full Episodes! | @disneychannelanimation,2025-04-04T16:10:13Z,4543030,19353,0,c2gOZMK6qXc,FilmAnimation,,0.4259932248,0,79
Masha e o Urso ğŸ‘±â€â™€ï¸ğŸ» ğŸ¤ O Teste da Amizade ğŸ”âœ… ColeÃ§Ã£o de desenhos animados,2025-04-04T13:00:41Z,7118919,16311,0,Oc8r9cRJoZs,FilmAnimation,,0.2291218653,0,79
O que acontece quando vocÃª vai para a cama Ã s 3AM?!,2025-04-04T10:50:29Z,47757,466,2,MiPvAxnZzRc,FilmAnimation,,0.9757731851,0.4291845494,79
How a Hen Changed the Old Womanâ€™s Life Forever #shortvideo #hen #eggs #oldwomen #poor,2025-04-04T04:00:42Z,90,0,0,e7ZibzVxBkk,FilmAnimation,,0,#DIV/0!,79
BRAND NEW! | I Want To Be a Baby Too | Season 3 | Kongsuni and Friends | Kids Cartoon,2025-04-02T14:00:28Z,6122563,3502,0,QGlV8RBqF8w,FilmAnimation,,0.05719826811,0,81
Sara vÃª a Fada do Dente! #shorts,2025-04-02T11:00:25Z,447832,3745,0,PYr3i25wvbc,FilmAnimation,,0.8362510942,0,81
ğŸ”´ LIVE! Marvel's Spidey and His Amazing Friends w/ NEW Pirate Adventures! ğŸ´â€â˜ ï¸ | @disneyjr,2025-04-01T17:57:59Z,1843948,3597,0,Lrtmky9DRVE,FilmAnimation,,0.1950705768,0,82
,,,,,,,,#DIV/0!,#DIV/0!,#VALUE!
,,,,,,,,#DIV/0!,#DIV/0!,#VALUE!
I Created a FAKE Clan in Gorilla Tag...,2025-04-15T22:44:19Z,1972,62,27,fIt_c6atOFw,Gaming,,3.144016227,43.5483871,68
The Alpha Wolf CHOSE ME in Minecraft!,2025-04-15T20:46:55Z,1344387,26972,2798,wkDkhsnwDFw,Gaming,,2.006267541,10.3737209,68
I gave him Jake The Dog ğŸ˜,2025-04-15T19:00:42Z,1893993,50916,2316,nukX7BcF0kA,Gaming,,2.688288711,4.548668395,68
Upgrading Worm into a GOD in Minecraft,2025-04-15T19:00:01Z,1241241,8486,156,294oshGeqNU,Gaming,,0.6836706167,1.838321942,68
SOBREVIVÃŠNCIA EXTREMA: The Last of Us PART 2 NO MINECRAFT HARDCORE!,2025-04-15T18:00:48Z,10177,118,0,qr10-cxgWf4,Gaming,,1.159477253,0,68
Kids With No Fear!,2025-04-15T18:01:01Z,514727,6166,224,ZmskwqOVqUQ,Gaming,,1.197916565,3.63282517,68
O FILME COMPLETO: The Last of Us NO MINECRAFT (100 Dias Hardcore),2025-04-15T15:00:14Z,9579,128,0,99HGtcNoTtY,Gaming,,1.336256394,0,68
UNLEASHED: A NEW WAY TO LEASH!,2025-04-15T15:01:04Z,7630439,424344,11909,etgou71pnuk,Gaming,,5.561200345,2.806449484,68
What a fke,2025-04-15T13:57:32Z,13,0,0,NAtXJnq192E,Gaming,,0,#DIV/0!,68
I Went From Poor To Rich In Roblox Grow A Garden With MY CRAZY FAN GIRLS...,2025-04-14T14:01:04Z,368917,3764,607,hStSnrrcsEg,Gaming,,1.020283695,16.12646121,69
A fuga do Cadres,2025-04-14T14:01:09Z,3465651,148277,133,kV1WgljSfdU,Gaming,,4.278474665,0.08969698605,69
RAVENSWATCH: o ROGUELIKE pra jogar com a GALERA! | ANALISE/REVIEW,2025-04-14T14:00:47Z,3488,175,49,VYRrnNpURYk,Gaming,,5.017201835,28,69
Cmdr Yootsvik's first landing on a surface settlement in Elite | #hypertexthero on #Twitch,2025-04-14T00:11:37Z,1393,3,0,RLijbCnA574,Gaming,,0.2153625269,0,69
Hunted â€™Til Dawn: The PURGE!,2025-04-13T19:18:04Z,1880444,33103,3944,ME9KV2dsfw0,Gaming,,1.760382123,11.91432801,70
VAI FURAR A FILA DE NOVO,2025-04-13T18:05:30Z,14809835,383911,534,Wmb4xTUZaVE,Gaming,,2.592270609,0.1390947381,70
a jao 1v1#jisko#cistome#khelna#ho#to#uid#comment#kar#do#@AGENTFFYT_22,2025-04-13T13:50:33Z,363,11,1,N55m8jCL2AI,Gaming,,3.03030303,9.090909091,70
MOST OP SPEAR BUILD Guide in The First Berserker: Khazan,2025-04-13T01:08:12Z,21370,267,42,yf_e4cfBieU,Gaming,,1.249415068,15.73033708,70
He SAVED A TRILLIONAIRES Life! (A Roblox Movie),2025-04-12T15:01:29Z,3285332,15250,1102,tpzm6JRbfsA,Gaming,,0.4641844416,7.226229508,71
NÃ£o mexa com a mamÃ£e,2025-04-11T23:54:01Z,8298458,60605,74,eiTFWkaZU8E,Gaming,,0.7303164034,0.1221021368,72
Accidentally Became a PRINCESS in Minecraft!,2025-04-11T21:18:19Z,990922,19911,2511,r1x2Btv7wmo,Gaming,,2.009340796,12.61111948,72
Roblox Get A Snack At 4AM..,2025-04-11T18:23:16Z,1561402,15033,1077,njHoUTpGl5E,Gaming,,0.9627885708,7.164238675,72
I PLAYED A MINI IPL TOURNAMENT,2025-04-11T13:30:24Z,1115486,28180,6098,_fGbHXT7lIA,Gaming,,2.526253131,21.63946061,72
Por Esto NUNCA Agregaran A Los Patos!,2025-04-10T19:30:06Z,2891897,165534,1296,nu5YBsgf1L8,Gaming,,5.724062786,0.7829207293,73
Pokemon Uranium- A Buzzing Turn of Events,2025-04-10T14:01:17Z,128,2,0,s-IgD1bBETw,Gaming,,1.5625,0,73
How to Easily Beat SKALPEL in The First Berserker Khazan,2025-04-10T02:45:17Z,2781,30,8,KrIT1FTRKMI,Gaming,,1.078748652,26.66666667,73
â€œThis is a one-shot matchâ€¦â€ #fyp #bluelock #bluelockedit #edit #sae #itoshisae,2025-04-09T23:35:07Z,1916,22,2,GAkwWBOlOlg,Gaming,,1.14822547,9.090909091,74
â€œNOT A THREATâ€ THE AVENGERS VS THANOS - edit | NUNCA MUDA (slowed) #mcumemes,2025-04-09T23:18:35Z,1809,26,0,Bi4zfGK7UvQ,Gaming,,1.437258154,0,74
Jugamos Atrapa a Tu Amigo en PARKOUR REALISTA!,2025-04-09T22:03:27Z,878024,9971,773,n-mQATLeyzg,Gaming,,1.135618161,7.752482198,74
Encontrando a mamÃ£e monstro,2025-04-09T19:00:38Z,5864613,53906,53,kgaTItjvxy0,Gaming,,0.9191740359,0.09831929655,74
CRIEI UM MULTIPLICADOR DE DIAMANTES NO MINECRAFT,2025-04-09T13:30:27Z,1501096,10420,156,UAMS-RBPSEk,Gaming,,0.6941594675,1.497120921,74
How to EASILY Beat Bellerian in The First Berserker Khazan,2025-04-09T02:06:20Z,3908,36,22,aTYlG5nHS8U,Gaming,,0.9211873081,61.11111111,74
Itâ€™s dangerous territory when youâ€™re a scruffy clown | #hypertexthero on #Twitch,2025-04-08T17:47:32Z,1516,10,0,fGTtU4jDyGw,Gaming,,0.6596306069,0,75
ğŸ®Call of Duty Gets a HEAVY METAL Overhaul,2025-04-07T18:07:17Z,64,2,2,UTietuTXBFo,Gaming,,3.125,100,76
ğŸ™ƒ O Que Poderia Dar Errado? [Genshin Impact],2025-04-07T18:00:48Z,2,0,0,yTza57tmswk,Gaming,,0,#DIV/0!,76
A naam ka status || A naam ki video ||new name status || A name status love|| #mh48ankesh,2025-04-07T12:29:03Z,312225,5702,49,lxYyVjLoshQ,Gaming,,1.826247097,0.8593475973,76
#dj #anime #anime #animememe #otakus #animemomentos #memes #memes #animehumor #edit #animejokes #a,2025-04-06T15:49:48Z,12624,101,0,uF98ZbVnpu0,Gaming,,0.8000633714,0,77
a minecraft movie is cool @minecraft,2025-04-06T10:52:02Z,142,6,0,tS-IVkdUehY,Gaming,,4.225352113,0,77
She need a  award #hellyeahfpv #wthhelly,2025-04-06T08:35:39Z,1207,39,1,gjIs8ZFFjeE,Gaming,,3.231151616,2.564102564,77
I am a god at fnaf,2025-04-06T05:48:57Z,6,0,0,Qt2XEvhB7mQ,Gaming,,0,#DIV/0!,77
MEDUSA has a CRUSH on me!,2025-04-05T20:07:52Z,1303318,26079,2583,K4bChMiEpd0,Gaming,,2.000969832,9.904520879,78
That time i teamed up with a Horse to win a valorant Game,2025-04-05T17:59:18Z,78,10,2,xvYBgD8hyKU,Gaming,,12.82051282,20,78
sub for a dog,2025-04-04T14:36:45Z,77,1,1,_DKN22BrnXQ,Gaming,,1.298701299,100,79
I Fooled Villager by Turning into a Emerald in Minecraft..,2025-04-04T12:22:20Z,2742256,24838,593,eLNJRrxDYHg,Gaming,,0.9057505937,2.387470811,79
This OG MP5 & KILO got me a 40 bomb in our home VERDANSK ğŸ‘‘â¤ï¸| Call of Duty Warzone,2025-04-04T11:21:53Z,36,3,0,z7I4NXJWC5s,Gaming,,8.333333333,0,79
Minecraft Movie is ACTUALLY GOOD?,2025-04-04T00:21:23Z,949,26,5,yR83pGTL_BA,Gaming,,2.739726027,19.23076923,79
,,,,,,,,#DIV/0!,#DIV/0!,#VALUE!
,,,,,,,,#DIV/0!,#DIV/0!,#VALUE!
Let's Learn to Cut Nails Safely! ğŸ’…ğŸ’•A Fun Lesson for Kids! #art #kids #crafts,2025-04-15T11:30:26Z,33117926,227096,0,XggARG04VLc,HowtoStyle,,0.6857192688,0,68
Staying in the Most Magical Airbnb Treehouses in California!,2025-04-15T01:00:06Z,3400,142,32,vp-siwGixvw,HowtoStyle,,4.176470588,22.53521127,68
How to share ICE CREAM properly like a REAL FRIEND?ğŸ˜â¤ï¸ğŸ¦| CHEFKOUDY,2025-04-14T23:44:01Z,49016544,297900,2661,7cPblcfZ4Ec,HowtoStyle,,0.6077539861,0.8932527694,69
Awaken Your Inner Light: Unlock the Path to Spiritual Ascension,2025-04-14T16:01:02Z,8,1,0,b6HTrysVAfU,HowtoStyle,,12.5,0,69
Letâ€™s Craft a Magic Paper Flowers ğŸŒ¸âœ¨ #art #diy #drawing #kidssong,2025-04-14T11:01:26Z,241110546,2299489,0,yDW_1mV08uM,HowtoStyle,,0.9537073505,0,69
Cultivo de AJOS en maceta,2025-04-13T21:30:08Z,70,5,4,oj-acFQOHnE,HowtoStyle,,7.142857143,80,70
Cottagecore : Une esthÃ©tique problÃ©matique ? ğŸŒ¿,2025-04-13T07:45:01Z,47457,3522,372,QmXJ8O7cr7M,HowtoStyle,,7.421455212,10.56218058,70
How Much Can a Small YouTuber Make in 1 Week of Daily Uploads,2025-04-13T06:37:14Z,124,7,2,jrZlAlVOek4,HowtoStyle,,5.64516129,28.57142857,70
No More Hair in My Cupcakes! ğŸ§ Mom Makes a Cute Hairstyle! #kidsvideo,2025-04-12T16:30:30Z,37613354,304062,0,yIE3H-P7XbM,HowtoStyle,,0.808388425,0,71
Let's teach Kids to Do Hairstyles using a DIY Cardboard Friend! ğŸ€ ğŸ‘©ğŸ½â€ğŸ¦± #Kids,2025-04-11T16:00:09Z,23413801,269805,0,70gZUYPzRJY,HowtoStyle,,1.15233319,0,72
I Gave My Mom A Pot Full Of DIY Clay Flowers!ğŸŒ¸ğŸŒ¸ğŸŒ¸,2025-04-10T12:00:12Z,42457435,394325,0,8gQfHF2qPTY,HowtoStyle,,0.9287537036,0,73
Avocado cucumber toast. Recipe in the comments section#avocadotoast,2025-04-10T06:25:49Z,16113,165,3,nqaiZ73TKJ4,HowtoStyle,,1.024017874,1.818181818,73
ğŸ“± QR Codes: From an Ancient Board Game to a Tech Marvel! ğŸ”³ğŸš€,2025-04-09T07:35:06Z,115,2,0,Q3u10NiaCco,HowtoStyle,,1.739130435,0,74
How to share ICE CREAM properly like a REAL friend?ğŸ˜â¤ï¸ğŸ¦| CHEFKOUDY,2025-04-08T21:34:41Z,55208332,347314,3196,2Wl4_85M_xw,HowtoStyle,,0.6290970718,0.9202047715,75
how to draw a duck ğŸ¦† / easy duck drawing for kids / simple duck drawing #shorts #drawing #art,2025-04-08T09:41:24Z,683,16,0,AV-A-WkRuck,HowtoStyle,,2.342606149,0,75
DIY Mini Paper Drawers: The Essential Desk Storage Solution | Easy DIY,2025-04-07T16:30:09Z,859,12,1,UkcXwlDflEw,HowtoStyle,,1.396973225,8.333333333,76
Why Some Celebs Can Never Escape The Role That Made Them Famous,2025-04-04T16:46:48Z,484,28,13,haGslbC-T6Q,HowtoStyle,,5.785123967,46.42857143,79
DIY PRINCESS DOLL! ğŸ‘¸ğŸ’• Watch Kid Make a Princess from a Toilet Roll! #shorts,2025-04-04T10:00:03Z,2868441,28596,0,2djbs9mlkAc,HowtoStyle,,0.9969178379,0,79
Bro didn't think for a single moment ğŸ”¥ğŸ’¯ğŸ¤Œ#levi #shoets #viral #fyp,2025-04-02T02:04:34Z,32996,1013,8,AYw5U3g9R9o,HowtoStyle,,3.070069099,0.789733465,81
JBL Partybox Encore: The Best Party Speaker for Any Occasion,2025-04-01T10:00:10Z,848,3,2,wAZHC3zJhj0,HowtoStyle,,0.3537735849,66.66666667,82
"How to make the best CHOCOLATE ICE CREAM with gummy candy eye, for dad?ğŸ˜…â¤ï¸ğŸ¨| CHEFKOUDY",2025-03-31T23:46:13Z,27448358,148048,1928,KeXy8K9KyBU,HowtoStyle,,0.5393692402,1.302280342,83
Dad is a Craft Master! ğŸ”¢ Let's Make a Re-usable Paper Tablet for Kids!,2025-03-31T17:30:10Z,7384908,52134,0,unBptjkkgS8,HowtoStyle,,0.7059532766,0,83
Bro jast a flexing his strength ğŸ¥µğŸ”¥ğŸ’¯ #supercub #shorts #viral #fyp,2025-03-30T17:14:23Z,147631,4347,21,GasKII8bPPs,HowtoStyle,,2.944503526,0.4830917874,84
That a  called anime moments ğŸ”¥ğŸ’¯ğŸ¤Œ #shorts #viral #fyp,2025-03-30T02:01:17Z,23872,1190,6,VOzNbuuePTg,HowtoStyle,,4.984919571,0.5042016807,84
Are SPRUNKI Paper Grapes The WEIRDEST Thing You've Ever Seen?,2025-03-30T00:42:24Z,4927709,44669,0,eqOJCKdMAYI,HowtoStyle,,0.9064861582,0,84
NaturaLawn   It Starts with a Soil Test,2025-03-29T20:45:01Z,2038,3,0,pJWlyBz3l7M,HowtoStyle,,0.1472031403,0,85
FLOWER ART MAGIC! ğŸŒºğŸ¤© Let's Paint Flowers with Just a Rope!ğŸ§µ #crafts #shorts,2025-03-29T19:00:32Z,467889,5779,0,dTgPykIOVKc,HowtoStyle,,1.235122005,0,85
How To Fly a card Part 3 ~ High-Speed CARD Launcher in Action!!,2025-03-26T19:31:14Z,2166,107,18,viBR13tXzeQ,HowtoStyle,,4.939981533,16.82242991,88
Struggle of the kitten ğŸ¾ ğŸˆ : From poor to an Inspiring Figure #nevergiveup,2025-03-25T19:54:09Z,12945,627,3,wwUH3Blw_j4,HowtoStyle,,4.843568946,0.4784688995,89
Validation is a drug to the ego.,2025-03-24T15:15:08Z,1316,103,22,vFsVGTwpeQE,HowtoStyle,,7.82674772,21.3592233,90
Aprenda a Ginga da Capoeira em 1 minuto! | Bora Praticar?,2025-03-23T20:00:31Z,492,26,5,fDYABK-2DFA,HowtoStyle,,5.284552846,19.23076923,91
Husband Cut 10 Year Old Beard to Surprise His Wife and Her Reaction Is Priceless,2025-03-22T15:00:24Z,118032,2233,146,I-X_YHwjGr4,HowtoStyle,,1.891859835,6.538289297,92
Repairing a DESTROYED Barbie Wig from the INSIDE Out!,2025-03-21T17:30:31Z,170,14,7,mIcX8yovDIw,HowtoStyle,,8.235294118,50,93
à¤›à¥‹à¤²à¥‡ à¤•à¥à¤²à¤šà¥‡ â€“ à¤¹à¤° à¤•à¤¿à¤¸à¥€ à¤•à¥€ à¤ªà¤¸à¤‚à¤¦à¥€à¤¦à¤¾ à¤¸à¥à¤Ÿà¥à¤°à¥€à¤Ÿ à¤«à¥‚à¤¡ | Chole Khulche â€“ A Street Food Favorite,2025-03-21T04:30:24Z,19,7,5,UVtmGHJ7v_0,HowtoStyle,,36.84210526,71.42857143,93
Why Old-School Meat Gravy is the Best?,2025-03-20T23:00:31Z,105,8,0,P2fB4NI8CAc,HowtoStyle,,7.619047619,0,94
Mom is a Rainbow Painting Master! ğŸŒˆ Drawing Hack for Kids,2025-03-20T17:30:01Z,21704130,323250,0,4bwUZgRwQgw,HowtoStyle,,1.48934788,0,94
Somebody's watching me It's my anxiety â˜•ï¸ brew a cup of instant coffee with nespresso machine,2025-03-19T15:54:14Z,3145,64,5,pNsqdFxjqY8,HowtoStyle,,2.034976153,7.8125,95
AI Business Revolution: Build a Brand in Hours with Speed & Influence,2025-03-18T14:49:10Z,566,57,0,60hoWhJMfuY,HowtoStyle,,10.07067138,0,96
Cozy Cabin Construction | A Girl Shares Her Skills and Tricks for Log Cabin Build,2025-03-17T09:46:12Z,176619,11324,0,Yz1htgKYQs0,HowtoStyle,,6.411541227,0,97
EP - #60 How To Unlock Your Creative Genius || Harnessing The Power of Your Subconscious Mindâ€‹,2025-03-15T14:30:22Z,491,10,4,e11leDPpn3U,HowtoStyle,,2.036659878,40,99
ğŸ¦ğŸ’– A Gorillaâ€™s Love â€“ Cradling a Baby Like His Own! ğŸ‘¶âœ¨ #heartwarming,2025-03-14T18:44:47Z,5189,145,2,tj7a662RiXw,HowtoStyle,,2.794372712,1.379310345,100
How to Make a Cute Dolphin ğŸ¬ #kidsvideos,2025-03-13T13:30:21Z,30230269,361254,0,UQH58vZ8o3c,HowtoStyle,,1.19500756,0,101
Instant Chana Dal Pakoda Recipe for a Flavorful Holi #shorts #ytshorts #tasty Blueprints,2025-03-13T10:45:01Z,38,8,2,1a7gnxRCLAM,HowtoStyle,,21.05263158,25,101
,,,,,,,,#DIV/0!,#DIV/0!,#VALUE!
,,,,,,,,#DIV/0!,#DIV/0!,#VALUE!
Christina does the #dance #aramsamsam #fundances #kidsmusic #childrensmusic #preschool #kidsvideo,2025-04-15T22:01:06Z,170812417,899096,0,vhn7sm1XcHU,Music,,0.5263645441,0,68
This is a masterpiece @tori.segura #edm #remix #friends,2025-04-15T17:31:47Z,160677,5225,221,TtUPktNycQY,Music,,3.251865544,4.229665072,68
SALIMOS A LO PELIGROSO,2025-04-15T16:18:56Z,221968,1971,6,DJD0JhSPWrE,Music,,0.8879658329,0.304414003,68
A song for the brave // Stream FÃºria,2025-04-14T23:47:41Z,17076,755,14,k3pODeWTgkw,Music,,4.421410166,1.854304636,69
i wrote a gay vampire songâ€¦ ğŸ˜… #madtsai #BITE,2025-04-14T20:16:04Z,95786,8276,412,qB7hYoZrOS0,Music,,8.640093542,4.978250362,69
turn into a whole different person ğŸ¤‘ 4/22 #singer #artist #asiaholiday #meme,2025-04-14T19:39:57Z,2120,101,2,hWerqz8NvXA,Music,,4.764150943,1.98019802,69
"A Fekete Pont koncertje nyomokban papot, rabot Ã©s igazsÃ¡got tartalmazhat! ğŸ¤˜ #koncert #punkrocklive",2025-04-14T16:44:54Z,1313,4,0,l7MQUBINmsQ,Music,,0.3046458492,0,69
"NÃ£o deixe de conferir agora ""Oferta AgradÃ¡vel a Ti"", meu lanÃ§amento #mknetwork #alice #shorts",2025-04-14T14:30:14Z,2090,89,3,HPIxLnNwAdc,Music,,4.258373206,3.370786517,69
The actress was too good for the role ğŸ’€ #explorepage #explorepost #funnymemes #movies #series #fyp,2025-04-14T09:47:31Z,22068141,675632,8151,7dGL8HDF-jA,Music,,3.061571883,1.206425983,69
Esta es para que se la dediquen a los envidiosos y a los chismososğŸ¸ğŸ‘€ Vamos pal norteâ¤ï¸ğŸ¶,2025-04-14T01:35:26Z,1997,41,0,Qevyp4YB8cA,Music,,2.053079619,0,69
Hereâ€™s our take on a classic weâ€™ve always loved. #sreyacollective ğŸ¤˜ğŸ»,2025-04-13T14:12:11Z,93058,1053,11,pCBJtsBUXGU,Music,,1.131552365,1.044634378,70
A BaÃ±arse Dijo ZenÃ³n ğŸ§¼ CanciÃ³n de Higiene para NiÃ±os | Animales Divertidos | La Granja de ZenÃ³n,2025-04-12T14:00:08Z,4671977,1958,0,7OjYrSMTkvs,Music,,0.04190945289,0,71
Morgan Wallen - Just In Case (The Shop Sessions),2025-04-11T17:00:08Z,3374519,39458,1600,UvM2UCEcKgk,Music,,1.169292572,4.054944498,72
WIXO & LA2S - LETTRE A UN FRÃˆRE (CLIP OFFICIEL),2025-04-11T16:23:49Z,231878,3808,84,386W9AVKGeA,Music,,1.642242904,2.205882353,72
"A GENTE Ã‰ SUCESSO - Henry Freitas, Menos Ã‰ Mais (Pra Beber e Amar)",2025-04-11T15:00:07Z,940551,1592,49,KWw2uh9StFU,Music,,0.1692624855,3.077889447,72
Tutulmayan SÃ¶zler - Visualizer ğŸ‘¾ animation by A.Burak KoÃ§ #3danimation #visualizer,2025-04-11T13:04:25Z,90,4,1,vDbGkczByRc,Music,,4.444444444,25,72
A Quien Quiero EngaÃ±ar,2025-04-11T10:03:55Z,31429,332,2,5Zuj_mcJ140,Music,,1.056349232,0.6024096386,72
Marithea Calla a azuky y le para la batalla,2025-04-11T06:59:14Z,9184,287,3,WO5Y0mZ3cek,Music,,3.125,1.045296167,72
A Arte de Tacar,2025-04-11T00:02:20Z,22006,368,9,r2XDaxzyfBE,Music,,1.672271199,2.445652174,72
"O inferno e a Terra estremecerÃ£o ao som da trombeta Assista agora ""AbraÃ§o do Noivo"" #mknetwork",2025-04-10T15:30:07Z,1532,112,5,CqUep897lnw,Music,,7.310704961,4.464285714,73
It lived a good life ğŸª•,2025-04-10T14:26:14Z,8030,226,6,1JGfei-Io10,Music,,2.814445828,2.654867257,73
You Don't Have A Clue (feat. Anneli Drecker) (True Electric) (Mixed),2025-04-10T11:50:06Z,40775,697,10,EEQFLxkbs58,Music,,1.709380748,1.43472023,73
A Casa Ã© Nossa,2025-04-10T10:01:24Z,103218,1415,3,aQHy1G4Hv84,Music,,1.370884923,0.2120141343,73
the lobotomy song,2025-04-10T10:01:07Z,507308,18360,605,kj0pMs1KeBk,Music,,3.619103188,3.295206972,73
A Donde HuirÃ© (Live),2025-04-10T07:25:41Z,49412,490,0,VSlkjyYHSLo,Music,,0.9916619445,0,73
NO VOY A LLORAR,2025-04-10T06:10:30Z,1507186,9622,0,PjXSrgggWn8,Music,,0.6384082655,0,73
"E saiu a notÃ­cia, que o mundo nÃ£o acreditouâ€¦",2025-04-10T01:00:10Z,7971,388,8,8gt1uXEOAHQ,Music,,4.867645214,2.06185567,73
The childhood coping mechanism that led to a career in songwriting- #JPSaxe gets personal. #shorts,2025-04-09T22:19:43Z,1849,37,1,K_w9x92xYIU,Music,,2.001081666,2.702702703,74
"It never stops, it rages onâ€¦ your love is like a river flowing from my heart #thirdday #livemusic",2025-04-09T21:38:43Z,4150,398,10,kfb2zCyC_8o,Music,,9.590361446,2.512562814,74
cause Iâ€™m not a victim boo! ğŸ¤£ğŸŒ¹ OIM out now! #artist #singer #asiaholiday,2025-04-09T20:12:50Z,3993,341,14,UDFCTwlq9p4,Music,,8.539944904,4.105571848,74
"RUBBY PEREZ - Vuela Alto Tu Voz No Se BorrarÃ¡, Vas A Vivir En Nuestro Corazones ğŸ‡©ğŸ‡´ğŸ™ğŸ»",2025-04-09T18:40:59Z,13492,224,0,NkURDbLJrlM,Music,,1.660243107,0,74
Seen a lot of amazing artists in places like this.,2025-04-09T18:31:23Z,1773,6,0,0OtvNmyn7AU,Music,,0.3384094755,0,74
"Igen, autogramot osztottunk. Most a legnagyobb legkisebb Fekete Pontosnak ğŸ¤˜ #koncert #punkrocklive",2025-04-09T17:37:08Z,1261,5,0,a6gHHkRPYcE,Music,,0.3965107058,0,74
Voy a Llorar,2025-04-09T13:38:53Z,62801,363,5,ktVwgkK1nSU,Music,,0.5780162736,1.377410468,74
"A fÃ© nos ensina que algo acontece quando Deus nos levanta. Assista ""Faz O Seguinte"" #samuelsabinno",2025-04-09T12:30:49Z,1337,47,2,la4gmh_9VGU,Music,,3.515332835,4.255319149,74
De A Ratitos,2025-04-08T23:36:42Z,101499,1793,18,98-TCY2bucE,Music,,1.766519867,1.003904071,75
Papaya (Vaya Papayas),2025-04-08T20:21:05Z,3338266,31865,0,YDUicBKMtDI,Music,,0.9545374754,0,75
"Chega dÃ¡ uma alegria a mais, nÃ© nÃ£o meu povo? ğŸ¤£ğŸ¤£ğŸ˜… â€‹â @XandAviao",2025-04-08T20:09:35Z,3071807,39805,178,tL4YJSR9fp0,Music,,1.295817087,0.4471800025,75
SÃ³ eu e a lua #perversa,2025-04-08T15:49:42Z,7624,271,9,TrE2BCWaCGI,Music,,3.554564533,3.32103321,75
Norbert atya a Fekete Pont templomÃ¡ban minden nap 9-12 kÃ¶zÃ¶tt rendel ğŸ™ #magyarrock #feketepont,2025-04-07T17:24:25Z,1135,6,0,lSCu1y2D3xE,Music,,0.5286343612,0,76
"Assista agora ao meu lanÃ§amento ""Oferta AgradÃ¡vel a Ti"" e nÃ£o deixe de compartilhar #mknetwork",2025-04-07T16:30:04Z,1203,46,1,GUn-HEUE27c,Music,,3.823773899,2.173913043,76
If Ghoete wrote a song,2025-04-07T13:57:15Z,6628,395,19,NbXHAKjz6_4,Music,,5.95956548,4.810126582,76
Meet Me in the Woods,2025-04-07T10:00:39Z,299848,4286,45,UZHs5Pm3ELk,Music,,1.429390891,1.049930005,76
through a message kinda crazy ğŸ˜­ #katyperry #russellbrand #celebrity #shorts #reels #devorce #couple,2025-04-07T04:59:09Z,77725,1555,45,X7OH4ZPvHfE,Music,,2.000643294,2.893890675,76
A QUE TE ARUÃ‘O,2025-04-06T10:01:18Z,161107,4229,131,GdbNFtyxSDM,Music,,2.624963534,3.097659021,77
,,,,,,,,#DIV/0!,#DIV/0!,#VALUE!
,,,,,,,,#DIV/0!,#DIV/0!,#VALUE!
LEONEL FERNANDEZ DURANTE CELEBRACION DE MISA EN HONOR A LAS VÃCTIMAS DERRUMBE EN JET SET,2025-04-15T15:18:08Z,1265,13,0,-5-b_QLmVIg,NewsPolitics,,1.027667984,0,68
COMO C@R@JO VINIERON A PARAR LOS ESCOMBROS DE LA DISCOTECA JET SET A LA CIUDAD DE SANTIAGO?,2025-04-14T17:58:17Z,1649,13,1,aFW7SRAxzdM,NewsPolitics,,0.7883565797,7.692307692,69
ED Walking Into a Political Trap 72hr ED ANENGE AVA MUJERI,2025-04-13T11:43:13Z,1229,14,1,EQ7z7mIa2qk,NewsPolitics,,1.13913751,7.142857143,70
"ï¿¼ Entonando sus canciones, ï¿¼ asÃ­ es como recordarÃ¡ el pueblo dominicano a nuestro RUBYY PÃ‰REZ",2025-04-12T13:30:59Z,1005,12,0,T_s1Z2nfsyw,NewsPolitics,,1.194029851,0,71
SI NO TENEMOS INSTALACIONES FUERTES QUE REGULEN LAS CONSTRUCCIONES â€œESTO VA A VOLVER A PASARâ€,2025-04-12T13:12:37Z,948,9,0,exqDHqOZgfk,NewsPolitics,,0.9493670886,0,71
`YO SENTÃ QUE RUBYY ME CANTO A MI` EN SU PRESENTACIÃ“N EL LOS SOBERANOS  MANTUVO CONTACTO VISUAL,2025-04-12T01:06:10Z,54,3,0,xtML-P7S_ZE,NewsPolitics,,5.555555556,0,71
ACROARTE SE ANOTÃ“ UN PUNTO CON EL HOMENAJE QUE LE HICIERA A RUBYY PEREZ EN LOS PREMIOS SOBERANOS,2025-04-12T00:42:10Z,16,0,0,jAaGbZzGx48,NewsPolitics,,0,#DIV/0!,71
"RAFA ROSARIO.. RUBYY, SIEMPRE TE QUISE Y SIEMPRE TE VOY A QUERER Â´Â´TU MÃšSICA TE MANTENDRÃ PRESENTEÂ´Â´",2025-04-12T00:15:09Z,25,1,0,VFcnu0gNWL4,NewsPolitics,,4,0,71
"LA MISIÃ“N...Â¿ALGUNA VEZ TE HAS PUESTO A PENSAR, QUE MUEVE A UNA ORGANIZACIÃ“N?",2025-04-11T23:15:24Z,27,4,3,qVXwryD4iWE,NewsPolitics,,14.81481481,75,72
A Message to Canada,2025-04-11T22:48:48Z,1805998,105050,27391,hcrL88Jwhsg,NewsPolitics,,5.816728479,26.07425036,72
"ğŸ”´ ARY NEWS LIVE | Latest Pakistan News ğŸğŸ’/ğŸ• | Headlines, Bulletins, Breaking News",2025-04-11T16:31:43Z,110864211,214383,0,RqUZ2Fv9l8w,NewsPolitics,,0.1933743974,0,72
PALABRAS DE SOLIDARIDAD POR PARTE DEL PASTOL EZEQUIEL MOLINA EN HOMENAJE A RUBYY PEREZ EN EL TEATRO,2025-04-11T13:18:56Z,64,1,1,As7_7KIVCcA,NewsPolitics,,1.5625,100,72
Cancel Me Canada: A Live Stream With MCGA,2025-04-11T08:15:37Z,4382,452,39,QvZUIogHt94,NewsPolitics,,10.31492469,8.628318584,72
PRESIDENTE LUIS ABINADER ASISTE A LOS CORTEJOS FUNEBRES DE NUESTRO RUBYY PEREZ,2025-04-11T01:28:50Z,50,2,0,n-a5BC6HbRE,NewsPolitics,,4,0,72
"Scandale dans le porno franÃ§ais : Â« Dans ces vidÃ©os, on nous a totalement dÃ©shumanisÃ©es Â»",2025-04-10T22:35:29Z,301057,5939,1316,QjEyVbYQaQk,NewsPolitics,,1.97271613,22.15861256,73
YO SIEMPRE TE VOY A RECORDAR COMO EL GRAN SER HUMANO QUE FUISTE MI QUERIDO RUBYY,2025-04-10T22:02:26Z,158265,3251,16,rUK08hgrHlw,NewsPolitics,,2.054149686,0.4921562596,73
A Major Pattern Shift To An Extended April Cold Snap,2025-04-10T05:07:32Z,355,5,0,la8XtMAThZU,NewsPolitics,,1.408450704,0,73
How To Heal America with a Return To Christian Values,2025-04-09T14:00:46Z,25,3,0,cumTmxUrUF4,NewsPolitics,,12,0,74
Cancel Me Canada: A Live Stream With MCGA,2025-04-09T06:10:40Z,5847,576,29,fz-BwvhrOcA,NewsPolitics,,9.851205747,5.034722222,74
SOY DEMASIADO AGRES!VA RESPONDIENDO A LOS TR4NSFOBOS? (PolÃ©mica de Mia Skylar con Carmen LÃ³pez),2025-04-08T23:42:56Z,10649,712,272,eHncuYQ1z8c,NewsPolitics,,6.68607381,38.20224719,75
Hija de Rubi PÃ©rez asegura encontraron a su padre gracias a que Este pudo cantar,2025-04-08T19:02:16Z,577,7,0,PGhW_Uu3Hsk,NewsPolitics,,1.213171577,0,75
"HOSPITALES DEBERÃN EXIGIR A LOS HAITIANOS: IDENTIFICACIÃ“N , CARTA DE TRABAJO Y PRUEBA DOMICILIARIA",2025-04-07T02:27:23Z,92,0,0,Vd1BCh47xng,NewsPolitics,,0,#DIV/0!,76
SE ACABARON LOS ALQUILERES DE VIVIENDAS Y LOCALES COMERCIALES A LOS HAITIANOS ILEGALES EN RD,2025-04-07T02:09:28Z,1589,15,2,3P1C_txwmKo,NewsPolitics,,0.9439899308,13.33333333,76
REFORZARAN LA VIGILANCIA FRONTERIZA CON 1500 SOLDADOS ADICIONALES A LOS 9000QUE YA PRESTAN SERVICIO,2025-04-07T01:43:42Z,1079,4,0,TDqPtUbwHzo,NewsPolitics,,0.3707136237,0,76
â€œTRAIDOR A LA PATRIAâ€â€¦..MIRA PORQUE HIPÃ“LITO MEJIA PIENSA QUE SON NECESARIOS LOS HAITIANOS EN RD,2025-04-06T18:28:50Z,3240,29,12,i-6FgUud1lU,NewsPolitics,,0.8950617284,41.37931034,77
Ione Belarra pide a Irene Montero LA CREACIÃ“N DE UNA COALICIÃ“N DE IZQUIERDAS DEL NO A LA GUERRA,2025-04-06T14:11:18Z,4011,394,28,Y_24XBZs1HE,NewsPolitics,,9.822986786,7.106598985,77
[ì†ë³´] ìœ¤ì„ì—´ íŒŒë©´ì— ì „í•œê¸¸ ê³ ê°œìˆ™ì˜€ë‹¤ / ì±„ë„A,2025-04-04T02:45:41Z,485593,12769,10758,xHFvZh2TEoo,NewsPolitics,,2.629568383,84.2509202,79
YO TENGO VÃDEOS DE GENTE ENCAPUCHADAS Y ARMADAS QUE FUERON A FRIUSA A PROVOCAR A LOS HAITIANOS,2025-04-03T02:34:40Z,112,5,0,WQxAAU3yqaY,NewsPolitics,,4.464285714,0,80
HOY EN REPÃšBLICA DOMINICANA DESDE IN 30 A UN 40% DE LAS PARTURIENTAS EN 2024 FUERON HAITIANAS,2025-04-03T01:03:42Z,3499,46,0,1Q-R4rYrFYU,NewsPolitics,,1.314661332,0,80
LN+ EN VIVO | Ãšltimas noticias de la Argentina y el mundo,2025-04-02T11:26:02Z,45164392,46388,0,OR9MH16MKrg,NewsPolitics,,0.1027092316,0,81
ğŸ”´ AXEL KICILLOF PROTEGE DELINCUENTES y castiga a los ciudadanos de bien Â¡ES UN INUTIL!ğŸ”´,2025-04-02T03:23:41Z,5510,191,0,YFGcOSkbbGg,NewsPolitics,,3.466424682,0,81
Forecast: A Multi-Day Severe #Weather Outbreak for the 1st week in April 2025 #short #wx,2025-04-01T20:35:40Z,262,4,0,UtCKDJT_yBE,NewsPolitics,,1.526717557,0,82
A Dangerous Multi-Day Severe Weather Outbreak,2025-04-01T18:52:00Z,492,6,2,nhYBYfHo3H4,NewsPolitics,,1.219512195,33.33333333,82
Why America Just Started a $10 Billion Trade War With Canada?,2025-04-01T07:00:06Z,96,2,2,t-KiEtv1KIE,NewsPolitics,,2.083333333,100,82
"Notre Ã©mission spÃ©ciale. Le Pen, Sarkozy : au nom de la loi",2025-03-31T17:10:37Z,668355,13370,2205,J9GHlhhqS-E,NewsPolitics,,2.000433901,16.4921466,83
Detailing The Widespread Multi-Day Severe Weather Outbreak - Weather Forecast,2025-03-29T07:05:19Z,242,2,0,XMfPkaFJMlI,NewsPolitics,,0.826446281,0,85
POTENTE TERREMO SACUDE BIRMANIA DEJANDO MUERTES Y DESTRUCCION A SU PASO,2025-03-28T17:13:21Z,56,1,0,2HVWeyle3bs,NewsPolitics,,1.785714286,0,86
POTENTE TERREMO SACUDE BIRMANIA DEJANDO MUERTES Y DESTRUCCION A SU PASO,2025-03-28T17:08:39Z,477,12,0,Si9XkYDWqbA,NewsPolitics,,2.51572327,0,86
POTENTE TERREMO SACUDE BIRMANIA DEJANDO MUERTES Y DESTRUCCION A SU PASO,2025-03-28T17:05:13Z,504,2,0,nBvl41inNw8,NewsPolitics,,0.3968253968,0,86
à¦•à¦¾à¦¦à¦¾à¦à¦®à¦¾à¦Ÿà¦¿ à¦¥à§‡à¦•à§‡ à¦•à¦‡ à¦Ÿà§‡à¦‚à¦°à¦¾ à¦ªà§à¦à¦Ÿà¦¿  à¦Ÿà¦¾à¦•à¦¿ à¦®à¦¾à¦› à¦§à¦°à¦²à¦¾à¦® || I caught a tengra fish from the mud ||,2025-03-27T04:03:00Z,13,3,3,CJBSTUv9AEo,NewsPolitics,,23.07692308,100,87
"Top 7 travel hacks to help you plan a memorable, less costly trip",2025-03-26T03:42:40Z,123,2,0,ub2k9x_Dp88,NewsPolitics,,1.62601626,0,88
AI Meets Macro Investing: Optimizing Portfolios in a Shifting Economy,2025-03-25T06:17:46Z,82,3,1,70qGSlKFwUo,NewsPolitics,,3.658536585,33.33333333,89
"How Load Shedding Was Done for 18 Hours in the Past, Kulman Ghising Exposed #nepalshow",2025-03-23T08:26:25Z,82805,2813,247,RRVoANViNyY,NewsPolitics,,3.397137854,8.780661216,91
What happens if you step into a black hole? #ViralMoment #WhatsHot #TrendingNow,2025-03-22T21:51:07Z,412,7,4,07J32L-JbI4,NewsPolitics,,1.699029126,57.14285714,92
Â¡KICCILOF HUMILLADO por defender a CRISTINA! dice con una BURRADA y la provincia TOTALMENTE HUNDIDA,2025-03-22T21:17:41Z,774,17,3,yp7c3n-bF0I,NewsPolitics,,2.196382429,17.64705882,92
,,,,,,,,#DIV/0!,#DIV/0!,#VALUE!
,,,,,,,,#DIV/0!,#DIV/0!,#VALUE!
4ì›”ì—ëŠ” ë¬´ì¡°ê±´ ë¨¹ì–´ì•¼ í•˜ëŠ” ë´„ë‚˜ë¬¼ TOP3! #ê±´ê°•ì‹ #ì˜ì–‘ì‹ #ì´ìŠˆ,2025-04-15T21:00:24Z,16979,226,4,EWnWwLrJJOI,NonprofitsActivism,,1.33105601,1.769911504,68
MT SAINTES A VELO,2025-04-14T12:14:47Z,407,8,0,5trYfnoVWjk,NonprofitsActivism,,1.965601966,0,69
"A Origem do Halloween, Parte 2, 1 (Do meu Tiktok)",2025-04-04T17:49:42Z,30,0,0,nmdGmEpN6fU,NonprofitsActivism,,0,#DIV/0!,79
"A Origem do Halloween, Parte 1, 2 (Do meu Tiktok)",2025-04-04T17:45:40Z,193,1,0,ttyH0Htmlic,NonprofitsActivism,,0.518134715,0,79
"A Origem do Halloween, Parte 1, 3 (Do meu Tiktok)",2025-04-04T17:46:47Z,105,1,0,ymd-5HoYLzw,NonprofitsActivism,,0.9523809524,0,79
"A Origem do Halloween, Parte 1, 1 (Do meu Tiktok)",2025-04-04T17:43:18Z,49,1,0,w-ZslU_IwxA,NonprofitsActivism,,2.040816327,0,79
Cuibul nr.2 al Acvilei de munte - The nest no.2  of the Golden Eagle (Aquila chrysaetos)2025,2025-04-04T07:31:43Z,154570,797,0,wktXU4BgNI0,NonprofitsActivism,,0.5156239891,0,79
"A vida passada a limpo e LiÃ§Ã£o de Coisas, de Carlos Drummond de Andrade",2025-04-01T19:08:33Z,0,1,0,CgDJ0TaRnV4,NonprofitsActivism,,#DIV/0!,0,82
a good girl's guIde to murder MUSIC video original,2025-04-01T15:35:26Z,7,0,0,uE-nG3PWbcc,NonprofitsActivism,,0,#DIV/0!,82
MÅ¯j suprÄupr kamarÃ¡d Chase! ğŸ¾ #alenka #suprcuprmejdlo #tlapkovapatrola #chase #hudbaprodeti #party,2025-03-31T08:00:13Z,847,9,0,2TNBgUok_GM,NonprofitsActivism,,1.06257379,0,83
A Paz Verdadeira Sinais Reveladores  #profetico #shortbiblia #alertaespiritual #shortsmotivacional,2025-03-30T03:00:21Z,2137,66,1,PSro7wAmE8M,NonprofitsActivism,,3.088441741,1.515151515,84
Webinar: The potential of carbon and biodiversity credits,2025-03-26T14:03:25Z,155,2,0,vAqhpDs1N4A,NonprofitsActivism,,1.290322581,0,88
"Encerramento do Jornal da SNC e inÃ­cio da novela ""A Feia Mais Bela"" (24/03/25)",2025-03-25T03:17:02Z,216,14,3,RnHXX39ULYs,NonprofitsActivism,,6.481481481,21.42857143,89
Don't Be a Miracle Motivated Believer | Success In Life | Joshua Newlove Allotey,2025-03-21T13:41:55Z,108,11,0,kDsRs48-12g,NonprofitsActivism,,10.18518519,0,93
03-16-25 ë³µìŒ(8) â€“ ìƒˆ í•˜ëŠ˜ê³¼ ìƒˆ ë•… A New Heaven and a New Earthâ€‹,2025-03-17T19:48:09Z,97,3,0,HcEQfsEYvVE,NonprofitsActivism,,3.092783505,0,97
A nova histÃ³ria da energia. Um debate sobre os limites planetÃ¡rios na sociedade capitalista,2025-03-13T14:49:29Z,0,3,0,hHbvggQSPjs,NonprofitsActivism,,#DIV/0!,0,101
How to Manage Your Cards,2025-03-13T13:09:38Z,60,2,0,VxI-ifq2f8E,NonprofitsActivism,,3.333333333,0,101
10 marzo 2025,2025-03-10T17:20:46Z,179,14,3,FCjCI19wU-A,NonprofitsActivism,,7.82122905,21.42857143,104
ë°œëª…ë˜ì§€ ë§ì•˜ì–´ì•¼ í•˜ëŠ” ìŒì‹ 5ê°€ì§€! #ìŒì‹ #ê±´ê°•ì‹ #ì˜ì–‘ì‹,2025-03-08T23:08:55Z,7739,383,2,rwgttOgW6qA,NonprofitsActivism,,4.948959814,0.5221932115,106
#2-demonic PARASITES ATTACHED TO THE MIND (Let's do a parasite cleanse treatment! ) James & Heiko,2025-02-20T09:07:15Z,0,1,0,qKzzgy-8fyY,NonprofitsActivism,,#DIV/0!,0,122
Walking by the Word: â€œLos Secretos del TabernÃ¡culo Revelados a TravÃ©s de JesÃºsâ€,2025-01-20T17:46:24Z,13,3,0,BasMZTcA7aY,NonprofitsActivism,,23.07692308,0,153
ğŸ”´ REDE BRASIL AO VIVO 24 HORAS |  REDE BRASIL - IEADPE,2025-01-18T13:35:33Z,2482759,19462,0,M6yMcv2dsIg,NonprofitsActivism,,0.7838859914,0,155
Video #2 District Court: Judge Rands   _ Adrian Addresses the Court: A Rare Opportunity,2025-01-14T17:41:13Z,43,11,0,5c2Qz01uKeI,NonprofitsActivism,,25.58139535,0,159
Youâ€™re a Real Christian If You Understand Thisâ€¦,2025-01-06T20:51:22Z,6665,369,12,mIHggYHkhII,NonprofitsActivism,,5.536384096,3.25203252,167
The Alpha YES : A - Z | PROGRAM PEMUDA ADVENT,2025-01-05T03:00:29Z,85,0,0,UoQtnhaNVrw,NonprofitsActivism,,0,#DIV/0!,168
Congratulations Omar sir Receiving a special card from the World Bank,2025-01-03T17:12:21Z,2334,158,10,yzHAyGjNn-s,NonprofitsActivism,,6.76949443,6.329113924,170
A MISSION OF RESTORATION -   Pdt. Guthe Mahaedhie [Khotbah Vesper],2024-12-21T06:00:33Z,223,6,0,qW6rJwA9oN0,NonprofitsActivism,,2.69058296,0,183
Race to the Tower of Power | Backyardigans | Backyardigansâ€¢Madoka #BackyardigansMadoka,2024-12-20T16:49:51Z,0,3,0,bKjBWE2rkv4,NonprofitsActivism,,#DIV/0!,0,184
Best Naats for Madina LOVERS 2025 | A Spiritual Collection ğŸŒ¹âœ¨Heartfelt Naats of 2024 ğŸŒ¹Amazing Naat,2024-11-20T02:06:39Z,1000992,7896,0,OPa31W5p8mM,NonprofitsActivism,,0.788817493,0,214
"ğŸ”´ LIVE 24/7:  ğŸŒ¿ The Super Super Infinity Screens of SMTV Max (1+119,200 x Max + Infinity x Max) ğŸŒ¿",2024-11-17T13:20:36Z,304596,635,0,FTImKQElG9o,NonprofitsActivism,,0.2084728624,0,217
MQI - The Ireland Funds,2024-11-14T13:23:33Z,148,3,0,9YJL92OyZ_0,NonprofitsActivism,,2.027027027,0,220
The Universal Laws of Life #3 | Celebration Service | Dr. Dominic Allotey,2024-10-28T07:21:19Z,439,16,0,vYtb9kUOETs,NonprofitsActivism,,3.644646925,0,237
"A #Warning for Priests, Pastors, Preachers, and other Religious Leaders",2024-10-21T01:12:07Z,48,2,0,ZcQ8PUcHjz4,NonprofitsActivism,,4.166666667,0,244
Yara TupynambÃ¡: A arte que virou patrimÃ´nio de Minas | MEMÃ“RIA & PODER â€“ 2012,2024-10-14T19:54:59Z,1,0,0,AB-VukOByf0,NonprofitsActivism,,0,#DIV/0!,251
Binecuvantarea De A Nu Poseda Nimic...,2024-10-09T16:19:28Z,2,8,0,6YbY6GzXcCk,NonprofitsActivism,,400,0,256
This prayer will destroy the works of devil in your life.,2024-09-10T13:01:03Z,110047,4849,699,vkS1YofXSDA,NonprofitsActivism,,4.406299127,14.41534337,285
"Remnant Apostolic Class ""HIDDEN HIGH PLACES"" A hard teaching for the Remnant Youth",2024-09-02T15:11:54Z,0,0,0,tAVCJoaL57c,NonprofitsActivism,,#DIV/0!,#DIV/0!,293
"REMNANT APOSTOLIC TEACHING -""I'M TOO TIRED"" IS A LIE AND SPIRITUAL ATTACK BY THE ENEMY",2024-08-23T20:04:26Z,0,0,0,CGw0uRZBSsg,NonprofitsActivism,,#DIV/0!,#DIV/0!,303
Receba a benÃ§Ã£o e o milagre para sua FamÃ­lia | Pastor RogÃ©rio Magno | @rogeriomagnooficial,2024-08-11T21:15:00Z,205,17,5,0F-daplcWzU,NonprofitsActivism,,8.292682927,29.41176471,315
Donald Trump: A PROFECIA SE CUMPRIU E COMEÃ‡OU ACONTECER AGORA,2024-08-09T21:15:07Z,2179,52,1,yCpIDKwBEzc,NonprofitsActivism,,2.386415787,1.923076923,317
Deus estÃ¡ chegando RECEBA A CURA E LIBERTAÃ‡ÃƒO | Pastor RogÃ©rio Magno | @rogeriomagnooficial,2024-08-09T21:15:00Z,135,14,1,I2elyO-_54E,NonprofitsActivism,,10.37037037,7.142857143,317
A FESTA DE CASAMENTO @rogeriomagnooficial,2024-08-05T21:15:00Z,165,11,2,aqSxgWWeM9c,NonprofitsActivism,,6.666666667,18.18181818,321
Survival mode is the worst mode! ğŸ™„#funnyshorts #parenting #funny #viralshorts #foryou,2024-07-22T01:30:11Z,476,6,2,WLcNiqlgPzQ,NonprofitsActivism,,1.260504202,33.33333333,335
Take a minute to witness TRUE puppy love! ğŸ¾ğŸ¾ #puppylovers #dogshorts #fy #cute #positivevibes,2024-07-10T22:58:42Z,463,8,1,0e_9E5DW3r4,NonprofitsActivism,,1.727861771,12.5,347
VOCÃŠ  FOI AVISADO SOBRE A SEGUNDA VINDA DE JESUS,2024-07-10T16:30:07Z,355,25,4,ft-R6R7vUaU,NonprofitsActivism,,7.042253521,16,347
,,,,,,,,#DIV/0!,#DIV/0!,#VALUE!
,,,,,,,,#DIV/0!,#DIV/0!,#VALUE!
Natalia Lafourcade: Ve a tu Ritmo pero Avanza,2025-04-15T19:44:43Z,194,3,0,9LBQLHBp7tE,PeopleBlogs,,1.546391753,0,68
Love Yourself,2025-04-15T18:28:07Z,18904,1457,552,__Km2yvmKrc,PeopleBlogs,,7.707363521,37.88606726,68
ã€100å‡(300å††å•†å“)ã€‘ã‚¢ã‚¤ãƒ‡ã‚¢ãŒå¤©æ‰çš„!!ãƒ€ã‚¤ã‚½ãƒ¼ã®å¤šæ©Ÿèƒ½ã‚¹ãƒãƒ›ãƒ›ãƒ«ãƒ€ãƒ¼ãŒæƒ³åƒã®æ–œã‚ä¸Šã„ã£ã¦ã¦ã™ã”ã„!!ã€DAISOã€‘#shorts,2025-04-15T11:00:42Z,1958295,25738,298,SdojbTivCDI,PeopleBlogs,,1.314306578,1.157821121,68
è»Šã«ğŸ’©ãŒä»˜ã‘ã‚‰ã‚Œã¦ã¦ã‚“ã‘ã©... #shorts,2025-04-15T11:01:01Z,608730,7957,77,ZyuE017pC1s,PeopleBlogs,,1.307147668,0.967701395,68
drawing of a PUBG character,2025-04-15T10:36:20Z,301,4,0,zmNUQq6R9_Q,PeopleBlogs,,1.328903654,0,68
SPILL A CARDBOARD CUPï¼#asmr,2025-04-15T10:25:22Z,35363633,163013,105,XQxe3r742Ek,PeopleBlogs,,0.4609622546,0.06441204076,68
A ANINHA VOLTOU A ANDAR DEPOIS DO ACIDENTE!,2025-04-14T22:00:06Z,546554,14047,944,dGcur1x0PL0,PeopleBlogs,,2.570102863,6.720296149,69
PASSAMOS A NOITE NO BANHEIRO,2025-04-14T21:30:08Z,1254279,19395,1467,ybkfssrjHUk,PeopleBlogs,,1.546306683,7.563805104,69
Exhaust test. Wait for the Mercedes SLS ğŸ˜³ğŸ˜³ the ball was flying ğŸ˜‚ #shorts #automobile #supercars,2025-04-14T17:20:34Z,446335,2662,6,qb_hLfY3yjE,PeopleBlogs,,0.5964130082,0.2253944403,69
I made a remake but it's the sameğŸ˜­ğŸ˜­,2025-04-14T14:45:32Z,1489,7,0,O-FZjV_AgTc,PeopleBlogs,,0.4701141706,0,69
POV you have a 10 year age gapğŸ™ˆ #siblings #sisters #momlife,2025-04-13T20:22:42Z,18236145,197598,1024,w-_a6-wQ6u8,PeopleBlogs,,1.083551376,0.5182238687,70
ğŸš¨ğŸ˜¨RAVENS SET TO MAKE A BIG MOVE! VETERAN CORNERBACKS IN TRADE DEALS! HUGE NEWS!,2025-04-13T00:56:00Z,685,18,1,gV-X2IAOV0c,PeopleBlogs,,2.627737226,5.555555556,70
ğŸŒ… Lake Norman Luxury Living: Tour a $4.6 Million Waterfront Estate with Breathtaking Sunset Views,2025-04-13T00:47:22Z,321,10,6,CbimbI6c2Os,PeopleBlogs,,3.115264798,60,70
A ANINHA NAO PRECISA MAIS ANDAR DE CADEIRA DE RODAS!,2025-04-12T22:00:06Z,452112,11625,458,pPMFhtUETFY,PeopleBlogs,,2.571265527,3.939784946,71
When School Shooters Vlogged Their Massacres,2025-04-12T16:15:03Z,225269,4533,825,Chhmhk9UyFQ,PeopleBlogs,,2.012260897,18.19986764,71
No se almuerza y se canta Juanga a todo dar ğŸ¤ğŸµ (Y que soporten los vecinos ğŸ¤­),2025-04-12T14:01:09Z,55242,1413,29,pSLcGo_OGFI,PeopleBlogs,,2.557836429,2.052370842,71
Owning a coffee shop means I can come into work on Halloween and do this ğŸ˜‚ #Halloween #arrow #dc,2025-04-12T12:02:39Z,879,22,1,xIY_HMY8y-U,PeopleBlogs,,2.502844141,4.545454545,71
A trave tÃ¡ balanÃ§ando atÃ© agora.,2025-04-12T11:00:29Z,57700,747,2,Nmv3gFuSkGQ,PeopleBlogs,,1.294627383,0.2677376171,71
Kue kayak gini doang kok 50 juta? #cake #cakedecorating #kueulangtahun #lionicake,2025-04-12T05:00:00Z,5587307,141377,1062,a3YB3qedZT8,PeopleBlogs,,2.530324537,0.7511830071,71
Bro is in a different timezone ğŸ¤£ğŸ˜‚ğŸ’€,2025-04-12T00:55:31Z,33481,864,88,u1XteAusA5s,PeopleBlogs,,2.580568083,10.18518519,71
A Day in My Life: Passport Renewal & Exploring Brussels,2025-04-11T19:45:03Z,236,7,0,qSqvquRTs-k,PeopleBlogs,,2.966101695,0,72
"I am so eco friendly, I drive a green car! ğŸ˜ #shorts #automobile #supercars #cartok #gwagon",2025-04-11T19:08:33Z,40576,516,7,deweuKgqsyI,PeopleBlogs,,1.271687697,1.356589147,72
Can I repurpose this BROKEN washbasin?,2025-04-11T18:58:12Z,93,11,1,NFdcWq5dvT0,PeopleBlogs,,11.82795699,9.090909091,72
Greater Nassau: Is Your Dryer Vent a Fire Hazard? ğŸ”¥ #HomeSafety,2025-04-11T17:15:36Z,0,0,0,acXjCjQcrww,PeopleBlogs,,#DIV/0!,#DIV/0!,72
Suffolk County: Is Your Dryer Vent a Fire Hazard? ğŸ”¥ #HomeSafety,2025-04-11T16:51:24Z,0,0,0,Wgtzi3Ngj1g,PeopleBlogs,,#DIV/0!,#DIV/0!,72
Ayudamos a Sara a salir de este lugar. ğŸ˜¥  -Ayuda social-  (Parte 1 del caso de Sara),2025-04-11T14:55:26Z,228,17,1,R5Edv8_47kA,PeopleBlogs,,7.456140351,5.882352941,72
LA Homeowners: Is Your Dryer Vent a Fire Hazard? ğŸ”¥ #LosAngelesSafety,2025-04-11T13:11:51Z,193,1,0,MBWbGcE53n0,PeopleBlogs,,0.518134715,0,72
"Katy, TX Homeowners: Is Your Dryer Vent a Fire Risk? ğŸ”¥ #HomeSafety",2025-04-11T13:07:38Z,96,0,0,ALyDmDhey9Y,PeopleBlogs,,0,#DIV/0!,72
We made a amazing adventure park,2025-04-11T07:55:27Z,1649101,74592,4264,gKMJo8r-uQ0,PeopleBlogs,,4.523191727,5.716430716,72
"Itâ€™s clear now, I am a superhero ğŸ˜‚ğŸ¦¸ğŸ¼â€â™€ï¸ #shorts",2025-04-11T07:38:21Z,27336,447,8,_Hzom5DETeg,PeopleBlogs,,1.635206321,1.789709172,72
Dios bendiga a todos los verdaderos amigos,2025-04-11T01:03:50Z,19896507,204654,2485,c83nt08Ku7o,PeopleBlogs,,1.028592607,1.21424453,72
BREGA DA TARRAXADA 1.0 | AUDIOVISUAL COMPLETO,2025-04-10T21:00:06Z,167622,4167,71,9p9PqcmQOVA,PeopleBlogs,,2.485950532,1.703863691,73
Trashy Tone ThursdayğŸ«¡ HEART IN A CAGE DROPS TONIGHTâ¤ï¸â›“ï¸â¤ï¸ #NewMusic #Rock #FemaleGuitarist,2025-04-10T17:37:38Z,5086,110,11,CR91nM65pOo,PeopleBlogs,,2.162799843,10,73
Build a Single Source of Truth: Keeping Your Team Aligned & Moving #shorts #digitalmarketing,2025-04-10T17:00:56Z,92,1,0,k6t_AIAtZWo,PeopleBlogs,,1.086956522,0,73
No le doy tregua a la pobre #guitarra #guitarrista #guitar #humor #musica #cover,2025-04-10T16:50:48Z,1127,17,1,_ekq3NdkiAc,PeopleBlogs,,1.508429459,5.882352941,73
Oana Radu - A LU LI â¤ï¸ ( Official Video ),2025-04-10T07:00:04Z,1824699,13548,729,GEgczOszn5Q,PeopleBlogs,,0.7424786225,5.380868025,73
Why Raising Chickens Is a Secret Money Hack ğŸ¤‘ğŸ”,2025-04-10T02:45:58Z,1560,7,3,6z6vY7jklUY,PeopleBlogs,,0.4487179487,42.85714286,73
ISRAEL SANTOS - LEVANTA A CABEÃ‡A E COMEÃ‡A A MARCHAR FT. PAULO NETO | AO VIVO | [DVD RECOMEÃ‡O],2025-04-09T23:00:28Z,118280,2083,130,_UiOoOsBr24,PeopleBlogs,,1.761075414,6.24099856,74
ENCONTREI A BONECA ESTRANHA FALANDO COM MINHA IRMÃƒZINHA!!,2025-04-09T15:55:14Z,238866,1835,45,Jnqm6RDn33w,PeopleBlogs,,0.7682131404,2.452316076,74
Clothes Still Damp? Greater Nassau Homes May Have a Dryer Vent Problem,2025-04-09T08:29:59Z,0,0,0,GLPgkI6odxg,PeopleBlogs,,#DIV/0!,#DIV/0!,74
Dryer Taking Forever? It Might Be a Clogged Vent | Quick Tip from Dryer Vent Wizard LA,2025-04-09T06:42:47Z,258,2,0,d0fZwr7zN-8,PeopleBlogs,,0.7751937984,0,74
What if NF and Trixx had a kid #rap #shorts #music @TriXx-Music,2025-04-08T22:52:00Z,60296,531,39,GbDHhEzPz5Y,PeopleBlogs,,0.8806554332,7.344632768,75
ğŸ¦…ğŸš¨ THE RAVENS JUST EXECUTED A MOVE SO BRILLIANT IT'S LEAVING RIVALS IN DISBELIEF!,2025-04-08T22:28:00Z,304,17,3,AexMDNK83HM,PeopleBlogs,,5.592105263,17.64705882,75
Eu sou a minha prÃ³pria emergÃªncia KKKKKKK #emergencycontact,2025-04-08T13:00:39Z,1578,40,4,Obs4nyHqfng,PeopleBlogs,,2.534854246,10,75
If Only I Could â€“ A Heartbreaking Song of Lost Love | BLUEWAVE,2025-04-08T11:15:51Z,7956,408,6,B1rgtvospRU,PeopleBlogs,,5.128205128,1.470588235,75
,,,,,,,,#DIV/0!,#DIV/0!,#VALUE!
,,,,,,,,#DIV/0!,#DIV/0!,#VALUE!
The Dog Crate That Can Double As A Side Table | The Pack,2025-04-15T20:00:16Z,314490,11536,189,O1y4hxV3Ra4,PetsAnimals,,3.66816115,1.638349515,68
Making Friends With A Wild Crow - Fairytale Come True | The Dodo,2025-04-15T17:00:53Z,394581,3960,192,hq8cnntzN5s,PetsAnimals,,1.00359622,4.848484848,68
Rescued Swan Loves A Pool Party | The Dodo,2025-04-14T17:01:07Z,508803,4593,212,uoSf4f0gsNA,PetsAnimals,,0.9027069416,4.615719573,69
These same Trainers wanted a Dog Trainer locked up over a Rolled Up Towel,2025-04-14T11:23:34Z,137,2,0,tii1RPTMi9Q,PetsAnimals,,1.459854015,0,69
ğŸ¾Â¡Errores Comunes al BanÌƒar a tu Gato! #gatos,2025-04-12T02:26:58Z,14158,1529,10,G7Xf1rP3zzw,PetsAnimals,,10.79954796,0.6540222368,71
"Hairless, Starving Dog Transforms Into A Teddy Bear Four Years Later | The Dodo",2025-04-11T17:00:14Z,1561261,11331,588,Aao2Zt9oXO8,PetsAnimals,,0.7257594983,5.18930368,72
Wild Tiger Cub Attack And a Man ğŸ˜² #shorts #Vs#tiger #attack #funnyanimals,2025-04-11T16:01:41Z,6141,70,N/A,U0LKAl0kBgs,PetsAnimals,,1.139879498,#VALUE!,72
"LJ's hubby, Gunnar, came for a wk to see her,  Grammy & Gpa. He loves visiting please like/subscribe",2025-04-06T18:44:39Z,47,3,0,9P6-3kqpagI,PetsAnimals,,6.382978723,0,77
THE ANTS ARE STEALING MY FOOD! ğŸœ | Leo the Wildlife Ranger | #shorts #animals #fun,2025-04-04T12:01:31Z,614210341,4016799,0,upPXB11TrfY,PetsAnimals,,0.6539777552,0,79
"Kitkat Playroom: The Hawaiians, The  Tea Leaves and The Pidgins. One giant Ê»ohana!",2025-04-03T16:31:37Z,416157,1494,0,FFwkYOBtjiI,PetsAnimals,,0.3589991277,0,80
A Mysterious Deer Blocks the Roadâ€”Then Saves a Life!,2025-04-02T19:11:00Z,5115,25,1,CHosgwsX6dY,PetsAnimals,,0.4887585533,4,81
Jaws of a Crocodile Fish| Animals Video,2025-04-02T04:01:00Z,38067181,443003,4288,vlsL-Bi_2n8,PetsAnimals,,1.163739968,0.967939269,81
Daring Ocean Rescueâ€”He Walked a Plank to Save a Struggling Seagull | The Dodo,2025-03-31T18:00:26Z,3306367,48323,938,e718QocJw54,PetsAnimals,,1.461513498,1.94110465,83
"Now, this mare has a whole new life  #horses #horse #automobile #ehorses #animal #horsebehavior",2025-03-31T17:00:01Z,2867,418,30,0PYa8FJMq-E,PetsAnimals,,14.57970003,7.177033493,83
Inside a Kestrel Nest - 24/7 LIVE ğŸ”´ by Morten Hilmer,2025-03-29T05:12:08Z,302692,1319,N/A,LDv-f0LCrQc,PetsAnimals,,0.4357564785,#VALUE!,85
Â¡Las 10 razas de caballos mÃ¡s raras que no conoces!,2025-03-26T20:50:32Z,945,19,2,ad9RZIH8hTw,PetsAnimals,,2.010582011,10.52631579,88
Is she a real predator?ğŸ¯ Watch this to the end! #cat #cats,2025-03-25T14:49:54Z,50230789,741776,958,YCt_yO_zjkI,PetsAnimals,,1.476735713,0.1291495007,89
ğŸ¼â¤ï¸ A Panda's Gentle Hug â€“ The Cutest Bond Ever! ğŸ‘¶âœ¨ #adorablemoments,2025-03-24T19:38:48Z,2225,64,3,I16IOkInq6s,PetsAnimals,,2.876404494,4.6875,90
ğŸŒ¿ğŸ° A Woman Holding a Giant Rabbit with a Toddler by Her Side! ğŸ¡âœ¨ #magicalmomentsindia,2025-03-22T17:16:35Z,2184,45,3,jnHgqxvXVe8,PetsAnimals,,2.06043956,6.666666667,92
ğŸ¦‰âœ¨ Woman Holding a Giant White Owl with a Toddler in a Snowy Wonderland â„ï¸ğŸ¡ #wintermagictarot,2025-03-18T19:10:22Z,2277,36,2,wWKl8AXXy_k,PetsAnimals,,1.581027668,5.555555556,96
ğŸŒŸ Woman Holding a Giant Sparrow ğŸ¦ & an Adorable Chubby Toddler! ğŸ˜âœ¨ #magicalmoment,2025-03-17T19:24:04Z,1235,27,2,7rMIzmfB8N0,PetsAnimals,,2.186234818,7.407407407,97
"LJ ALWAYS enjoys having a relaxing belly wub, ANYTIME she can get one! Brubby giving her one, here.",2025-03-17T04:44:59Z,562,21,0,eORxHhXeHf8,PetsAnimals,,3.736654804,0,97
My dog made a clone machine! @Thegoldenrubyroo,2025-03-16T14:40:26Z,1785155,114951,5271,SGQWDCiE3pA,PetsAnimals,,6.43927278,4.585432054,98
LJ REFUSES to give MAMA a break with the tug-o-war game! She wants that rope. She's a strong doggo!,2025-03-16T02:36:16Z,511,24,2,x7KXTq_OnBU,PetsAnimals,,4.69667319,8.333333333,98
ğŸ’ª Woman Lifts a Giant Gorilla Like Itâ€™s Nothing! ğŸ¦ğŸ˜²ğŸ‘¶ #powerfulmoments,2025-03-13T19:16:05Z,783,17,2,DNV-60ZCRJo,PetsAnimals,,2.171136654,11.76470588,101
"LJ DECIDED to have & planned a 13th Bday party for her hubster, Gunnar. Sweet doggie. We lub Gunny!",2025-03-12T14:37:25Z,21,1,0,u1zgk2tItDA,PetsAnimals,,4.761904762,0,102
Tabby Chef Cooks Up Magic in a Rustic Outdoor Kitchen! ğŸ±ğŸ³âœ¨ #WhiskersAndWoks,2025-03-12T02:00:35Z,48,0,0,ollAJFh9Tvw,PetsAnimals,,0,#DIV/0!,102
ğŸ“¸ğŸ¼ Award-Winning Moment! Chubby Toddler Meets a Giant Panda! â¤ï¸ğŸ‹ #naturalphotography,2025-03-11T20:00:02Z,1783,30,1,2lLFoWt9Hkc,PetsAnimals,,1.682557487,3.333333333,103
ğŸ“¸ğŸµ Award-Winning Moment! Chubby Toddler Meets a Gentle Giant! â¤ï¸ğŸŒ¿ #naturalphotography,2025-03-10T20:00:20Z,15513,224,0,_K6uIsq7iak,PetsAnimals,,1.443950235,0,104
"RIP - Courageous Of All, Such A Beautiful Fish Last Shot Video : 24th November 2024",2025-03-10T08:48:30Z,1,0,0,jt5zXV00gt4,PetsAnimals,,0,#DIV/0!,104
||The cat and its mom are very struggle ğŸ˜±ğŸ˜±ğŸ¥µğŸ¥¹||#trending #shorts,2025-03-08T04:54:47Z,9340,320,5,CLFgnqHxJdI,PetsAnimals,,3.426124197,1.5625,106
ğŸ”¥ Toddlerâ€™s First Touch with a Giant Silverback! ğŸ¦ğŸ‘¶ğŸ’– #heartwarmingmoments,2025-03-05T19:11:25Z,10958,167,2,np0tr-W7v0U,PetsAnimals,,1.52400073,1.19760479,109
Pony having a meal in the snow â„â„â„ğŸ´,2025-03-04T11:24:22Z,103,31,41,WoFHW1TbTO8,PetsAnimals,,30.09708738,132.2580645,110
ğŸ‘¶ğŸ”¥ The Legendary Toddler General & His Giant Beast ğŸ†ğŸ‰ #MilitaryParade #EpicMarch #ultrahd,2025-03-01T18:38:14Z,422,11,0,84XMfeLrtNA,PetsAnimals,,2.606635071,0,113
ğŸµğŸŒ Baby Shares a Banana with a Gentle Gorilla! â¤ï¸ #AdorableBond #babyandgorilla,2025-02-27T17:50:12Z,439,9,0,idF4RbOCbbg,PetsAnimals,,2.050113895,0,115
Force Free Dog Training isn't about Fixing a Relationship Problem between Dogs and Owners,2025-02-27T10:20:03Z,37,5,0,yGaLCdU1LeE,PetsAnimals,,13.51351351,0,115
ğŸ¦â¤ï¸ BABY PATTING A LION! Cutest Bond Ever! âœ¨ #LionLove #BabyAndLion #Heartwarming #wildlife,2025-02-19T19:23:23Z,5303,61,0,fHfhs9HlObQ,PetsAnimals,,1.150292287,0,123
My husband is a little addicted to manicure recently# MOVAP60 #MOVA sweeping robot# Tmall treasure,2025-02-19T02:16:00Z,3612,106,0,pxSY8Y-pk3k,PetsAnimals,,2.934662237,0,123
The Smallest Bird You've Ever Seen - Two tiny eggs that wouldn't have made it,2025-02-15T14:30:02Z,1577112,34671,1506,uyqiW7ZtbbQ,PetsAnimals,,2.198385403,4.343687808,127
LJ & Gunny are excited for a lil SUPERBOWL TREAT. Gunny's anxious waddle cracks me up @ the start,2025-02-15T01:45:27Z,403,13,2,-koQ5UI3Jok,PetsAnimals,,3.225806452,15.38461538,127
Adorable Moment: Gorilla & Toddler Share Noodles at a Restaurant! ğŸ¦ğŸ‘¶ğŸœ,2025-02-11T19:29:52Z,887,26,1,i9D3OFfBCH4,PetsAnimals,,2.931228861,3.846153846,131
Cachorro Surpreende Seu Amigo Com Ensinamento Para A Vida Toda!,2025-02-10T22:14:01Z,189,52,4,2CqXIGg_O7U,PetsAnimals,,27.51322751,7.692307692,132
"How it goes when you get a new cell phone. U take such good care, then slowly slide into bad habits.",2025-02-09T17:30:56Z,13,0,N/A,N3gJfEpesIc,PetsAnimals,,0,#VALUE!,133
"LJ 's LUCKY to have such a wonderful dog life & a family who loves her dearly. We're fortunate, too!",2025-02-08T00:26:00Z,527,37,0,Q5n9qbAbWBg,PetsAnimals,,7.020872865,0,134
Time for a new toy,2025-02-04T13:09:05Z,1251995,62745,963,MbZd3gFFVlc,PetsAnimals,,5.011601484,1.534783648,138
,,,,,,,,#DIV/0!,#DIV/0!,#VALUE!
,,,,,,,,#DIV/0!,#DIV/0!,#VALUE!
Â¿Olor Desagradable en Personas Mayores? Â¡Lave bien ESTA ZONA!,2025-04-15T19:21:46Z,2884741,57409,3732,qhhturfwpOI,ScienceTech,,1.990092005,6.500722883,68
Can we Build the Most Powerful Launcher on YouTube!?,2025-04-15T18:18:25Z,750,26,26,WMoC27Wxu64,ScienceTech,,3.466666667,100,68
A tÃ¶rÃ¶kÃ¶k kiÅ±zÃ©sÃ©rÅ‘l,2025-04-15T17:01:03Z,1821,18,1,lHmeTXh13VI,ScienceTech,,0.9884678748,5.555555556,68
A Kind Stranger Made Crossing Easier for Everyone#shorts,2025-04-13T14:44:14Z,10886,138,2,O6kLqfp-v5c,ScienceTech,,1.267683263,1.449275362,70
AI as a New Industry | NVIDIA CEO Jensen Huang on the Future of AI & Energy,2025-04-13T11:30:33Z,961,12,0,e0Nf3tsG43k,ScienceTech,,1.248699272,0,70
AGI Is Coming: Will It Save Us or Replace Us? | The Truth About Artificial General Intelligence,2025-04-12T09:30:12Z,21,0,0,Hol-cv968B0,ScienceTech,,0,#DIV/0!,71
Need A Mix Value Cash Counter in Ongole? We Got You Covered! âœ¨ #shorts #aksautomation #trending,2025-04-12T06:30:22Z,29568,115,0,OpyFtMlbAck,ScienceTech,,0.3889339827,0,71
Inside Saudi Arabia's $500 Billion ZERO CAR City of the Future!,2025-04-11T17:42:14Z,2197,78,29,bCFiF_xvIew,ScienceTech,,3.550295858,37.17948718,72
Building an AI Chatbot on a Raspberry Pi,2025-04-11T16:00:07Z,3057,119,9,rkDKT_NFwQQ,ScienceTech,,3.892705267,7.56302521,72
AI vs AGI: Are We Creating a New Form of Consciousness?,2025-04-11T09:30:01Z,54,4,1,0AA8Ew-B9AI,ScienceTech,,7.407407407,25,72
How to createÂ aÂ surveyÂ with AI,2025-04-10T17:41:26Z,473,1,0,2zGgetZyuF4,ScienceTech,,0.2114164905,0,73
"Pipewire: The How, What and Why of Audio on (Embedded) Linux - Daniel StrÃ¼big - ADC 2024",2025-04-10T17:26:14Z,0,0,0,w7xe46-hhQU,ScienceTech,,#DIV/0!,#DIV/0!,73
Reenaâ€™s Hidden Past | A Soldierâ€™s Final Promise | FrameFlick Stories,2025-04-10T10:04:56Z,45,2,0,Pvm-p6SoMIk,ScienceTech,,4.444444444,0,73
This Man Burst A party Paper on groom Then..#shorts,2025-04-09T15:38:34Z,87,0,0,X7LE9IFaXJ0,ScienceTech,,0,#DIV/0!,74
ğŸ’» The Evolution of General Purpose Computing | Jensen Huang at AI Summit India ğŸš€,2025-04-09T11:30:29Z,1874,10,0,hl6OWpoiVWA,ScienceTech,,0.5336179296,0,74
Will AI Replace Web Developers? The Truth You Need To Hear in 2025!,2025-04-09T09:30:23Z,140,0,0,p8VJ9ICS374,ScienceTech,,0,#DIV/0!,74
COMO A MAIOR MARCA DE ALIMENTOS DO BRASIL FALIU?,2025-04-08T17:00:11Z,47393,2537,93,ALjf68xLbdQ,ScienceTech,,5.353111219,3.665746945,75
Summer of '42 Movie Explained | A Cinematic Classic with a Poignant Ending | FrameFlick Stories,2025-04-08T12:17:11Z,114,5,0,SA0_e5fRbBk,ScienceTech,,4.385964912,0,75
CÃ¡lculo da OndulaÃ§Ã£o Geoidal,2025-04-07T22:01:11Z,55,12,2,mfSE-_GY8SY,ScienceTech,,21.81818182,16.66666667,76
I Built a Tin Can Steam Engine from a 1963 Mechanix Illustrated Magazine - Does It Work?,2025-04-06T13:34:11Z,2720,90,14,r_CU48q6Ltc,ScienceTech,,3.308823529,15.55555556,77
Need a Note Counting Machine in South-Extension? We Got You Covered! âœ¨ #shorts #trending #ytshorts,2025-04-05T09:00:08Z,6533,43,0,7bz3dU8vszg,ScienceTech,,0.6581968468,0,78
ğŸŒ The Importance of Sovereign Data | NVIDIA AI Summit Fireside Chat with Jensen Huang & MasayoshiğŸ”¥,2025-04-04T11:30:07Z,2569,33,1,EDUP7_Z8b_Y,ScienceTech,,1.284546516,3.03030303,79
"Need a Mix Value Cash Counter in Rohini, Delhi? We Got You Covered! âœ¨ #shorts #trending #ytshorts",2025-04-04T09:15:03Z,14241,103,0,WcSOBAoFJjw,ScienceTech,,0.7232638157,0,79
Jack Ma Thinks We Wonâ€™t Need Jobs in the Future... Seriously?! ğŸ¤¡ğŸ˜‚,2025-04-02T08:59:29Z,61,1,1,o-bjXw5Ul28,ScienceTech,,1.639344262,100,81
Making a Water River using Rc tractor. Construction in Mini City @Aakash946,2025-04-02T00:30:35Z,5274549,46571,1520,rha_MwbsPoA,ScienceTech,,0.8829380484,3.263833716,81
YBD Talks: As novas descobertas da ciÃªncia sobre a saÃºde da mulher,2025-03-31T15:57:25Z,10,0,0,5bg4vcrEJBQ,ScienceTech,,0,#DIV/0!,83
A Family Torn by the Past | Secrets That Changed Everything | FrameFlick Stories,2025-03-31T07:41:28Z,162,7,0,HNc6N9LGB4c,ScienceTech,,4.320987654,0,83
Need a Cash Counting Machine in Kolhapur? AKS Automation Got You Covered! ğŸ’°âœ… #shorts #trending,2025-03-31T03:30:07Z,25478,171,1,ELCaiscvvJ4,ScienceTech,,0.6711672816,0.5847953216,83
How To Make a DIY DRONE at Home | Part: 1,2025-03-30T07:25:28Z,766,45,17,L0CD6F7m_7g,ScienceTech,,5.874673629,37.77777778,84
Need a Mix Value Cash Counter in Punjab? We Got You Covered! âœ¨ #shorts #trending #aksautomation,2025-03-30T03:00:58Z,17533,190,1,u_yW3sk2oOQ,ScienceTech,,1.083670792,0.5263157895,84
Need a Cash Counting Machine in Porbandar? AKS Automation Got You Covered! ğŸ’°âœ… #shorts #trending,2025-03-30T02:30:13Z,30417,249,2,KgKZ-XhogVo,ScienceTech,,0.8186211658,0.8032128514,84
ğŸ”´ Boston Dynamics' NEW Atlas Robot Moves Like a Human! ğŸ¤¯ Is This the Future,2025-03-29T14:00:19Z,123,3,0,Bq9L7cEhk1A,ScienceTech,,2.43902439,0,85
ğŸ’ª The Journey of Hard Work and Sacrifice | Jack Maâ€™s Success Philosophy ğŸš€,2025-03-29T11:30:14Z,51,3,0,KmrshqQl1v8,ScienceTech,,5.882352941,0,85
Need a Cash Counting Machine in Bhopal? AKS Automation Got You Covered! ğŸ’°âœ… #shorts #trending #viral,2025-03-29T04:30:23Z,20995,171,0,rnr_ZercyDw,ScienceTech,,0.814479638,0,85
"That's a Fact! Few Men Know This, Very Wise Advice From a 92 Year Old Elderly Woman",2025-03-27T16:28:20Z,15,2,0,5UIB05COSd8,ScienceTech,,13.33333333,0,87
The Boy with Ever-Growing Hair | A Curious Medical Mystery | FrameFlick Stories,2025-03-27T11:12:26Z,529,5,N/A,ZJIPeU8hjrQ,ScienceTech,,0.9451795841,#VALUE!,87
Need a Cash Counting Machine in Solapur? AKS Automation Got You Covered! ğŸ’°âœ… #shorts #trending #viral,2025-03-27T09:00:40Z,16557,130,0,XJaFt4FJiBw,ScienceTech,,0.7851663949,0,87
ğŸšš Building a Logistics System ğŸŒ | Jack Ma at Moscow University,2025-03-26T11:30:43Z,573,15,0,xTlrnTjQDbA,ScienceTech,,2.617801047,0,88
A DRONE Delivers Lunch,2025-03-25T13:12:52Z,2210805,98974,2546,UK_Wja0PTsc,ScienceTech,,4.476830838,2.57239275,89
A Complicated Connection | Emotions That Changed Everything | FrameFlick Stories,2025-03-25T09:21:50Z,187011,319,1,dNBrGussmjg,ScienceTech,,0.1705782013,0.3134796238,89
The Wardrobe That Changed Time | A Man's Unbelievable Journey | FrameFlick Stories,2025-03-24T09:28:23Z,95,6,0,Wq2QFfzLiGI,ScienceTech,,6.315789474,0,90
ğŸ–¥ï¸ The Evolution of Computing Platforms ğŸš€ | Jensen Huang & Mark Zuckerberg,2025-03-22T11:30:06Z,2438,51,3,avRfMwnOQYc,ScienceTech,,2.091878589,5.882352941,92
Como aumentar a RAM do Seu Android em 1 Minuto (Sem Root!),2025-03-21T21:07:21Z,102,3,0,YfM304jl9UI,ScienceTech,,2.941176471,0,93
Technical Shivanand  is live! a,2025-03-21T07:24:17Z,121,6,2,Gg4h65ocIkg,ScienceTech,,4.958677686,33.33333333,93
PASSO a PASSOğŸ˜± COMO JOGAR GTA RP FiveM em QUALQUER TELEFONE (MÃ©todo infalÃ­vel 2025),2025-03-17T22:59:59Z,34555,926,258,ED39BkCDBi0,ScienceTech,,2.679785849,27.86177106,97
,,,,,,,,#DIV/0!,#DIV/0!,#VALUE!
,,,,,,,,#DIV/0!,#DIV/0!,#VALUE!
ğŸš¨ğŸ˜±THE 49ERS JUST EXECUTED A GENIUS PLAN THAT HAS COMPETITORS SCRAMBLING!,2025-04-15T18:27:01Z,156,3,0,96B_VF0i-iM,Sports,,1.923076923,0,68
ğŸš¨ğŸ˜±âš¡ MAJOR DEVELOPMENT: THE 49ERS JUST UNVEILED A PLAN THAT HAS RIVALS WORRIED SICK!,2025-04-15T17:12:00Z,123,1,0,ktLKHpSfXFo,Sports,,0.8130081301,0,68
Living the Dream in Naples | Champions of #MadeinItaly with Scott McTominay | Serie A 2024/25,2025-04-15T12:00:07Z,347589,5107,448,E1GgS_ivpnE,Sports,,1.469263987,8.77227335,68
ğŸš¨ THE 49ERS JUST MADE A STUNNING ANNOUNCEMENT THAT HAS RIVALS COMPLETELY SHAKEN!,2025-04-13T18:49:00Z,711,11,1,1_Zr71LKLnA,Sports,,1.547116737,9.090909091,70
Naoya Inoue vs Paul Butler |ğŸ¥Š Knockout |The Night The Monster Became Undisputed King!ğŸ‘‘|Monster Inoue,2025-04-13T07:00:14Z,582536,2853,138,qLJg0UUdSTw,Sports,,0.4897551396,4.83701367,70
Con este gol TIGRES le da la vuelta a RAYADOS de manera dramÃ¡tica,2025-04-13T03:01:39Z,36250,1343,33,tvlyS0w7iGM,Sports,,3.704827586,2.457185406,70
ğŸš¨ğŸ˜±THE 49ERS JUST DROPPED A MOVE THAT WILL GO DOWN IN HISTORY!,2025-04-11T23:21:00Z,601,6,2,ahqHAsFL0OE,Sports,,0.9983361065,33.33333333,72
ğŸš¨ EVERYTHING CHANGES NOW: THE 49ERS JUST DROPPED A MIND-BLOWING UPDATE!,2025-04-11T22:19:01Z,702,13,0,CIe98fEfOdY,Sports,,1.851851852,0,72
A miaÅ‚o byÄ‡ piÄ™knie  #pilkanozna #piÅ‚kanoÅ¼na #Å›mieszne #shortvideo #shorts,2025-04-11T15:49:54Z,473121,14035,40,R-mieVnGEHk,Sports,,2.966471579,0.2850017813,72
ğŸš¨ THE 49ERS JUST MADE A STUNNING MOVE THAT HAS RIVALS ABSOLUTELY TERRIFIED!,2025-04-11T02:25:01Z,347,7,2,xabFBxoi-WU,Sports,,2.017291066,28.57142857,72
âš¡ URGENT! THE 49ERS JUST MADE A MOVE THAT HAS COMPLETELY SHIFTED THE POWER BALANCE!,2025-04-11T02:15:00Z,576,17,7,KHwEGlZGFnw,Sports,,2.951388889,41.17647059,72
ğŸš¨ğŸ˜±BREAKING: THE 49ERS JUST REVEALED A MASTER MOVE THAT WILL DOMINATE THE SEASON!,2025-04-11T01:59:01Z,236,8,0,KxUQ35_fb8s,Sports,,3.389830508,0,72
A bag or a backpack? ğŸ’or ğŸ’¼,2025-04-10T13:43:54Z,21357505,158167,200,fjjhb3B2z6E,Sports,,0.7405687134,0.1264486271,73
If Volk Finishes With A Rear Front Kick That Would Be Awesome ğŸ˜ #mma #ufc #gaming,2025-04-10T06:02:26Z,1317,5,0,ZLCTLr9C8Mw,Sports,,0.3796507213,0,73
ğŸš¨ THE 49ERS JUST MADE A STUNNING ANNOUNCEMENT THAT HAS RIVALS COMPLETELY SHAKEN!,2025-04-08T23:55:00Z,4986,85,12,XfKpzvWKkBE,Sports,,1.704773365,14.11764706,75
ğŸš¨ THE 49ERS JUST ANNOUNCED A REVOLUTIONARY STRATEGY THAT LEFT EVERYONE SPEECHLESS!,2025-04-08T21:40:00Z,331,14,1,PaJHUKl-FVM,Sports,,4.229607251,7.142857143,75
Canelo no pudo hacerle esto a Bivol,2025-04-08T00:40:00Z,9908,78,0,ceRi6nSeG2o,Sports,,0.7872426322,0,75
âš¡ BREAKING: THE 49ERS JUST REVEALED A MASTER PLAN THAT WILL STUN THE COMPETITION!,2025-04-08T00:33:00Z,307,11,3,cLXTh9rqfFY,Sports,,3.583061889,27.27272727,75
TABELA DO BRASILEIRÃƒO SÃ‰RIE A ATUALIZADA RODADA 02.,2025-04-07T00:31:16Z,20665,74,1,cNRv7n1r8RQ,Sports,,0.3580933946,1.351351351,76
A cual elegÃ­s? â˜ ï¸ğŸ§#############,2025-04-06T01:52:57Z,26391,800,7,j1ytghuBkrI,Sports,,3.03133644,0.875,77
A cual elegÃ­s? â˜ ï¸ğŸ”¥ğŸ”¥ğŸ”¥ğŸ”¥ğŸ”¥ğŸ”¥ğŸ”¥ğŸ”¥,2025-04-05T03:01:04Z,6194,283,3,QjEePUrHNWs,Sports,,4.568937682,1.060070671,78
ğŸš¨ INCREDIBLE NEWS: THE 49ERS JUST REVEALED A BOMBSHELL THAT NO ONE SAW COMING!,2025-04-05T02:45:03Z,295,7,1,QGE5M-4finw,Sports,,2.372881356,14.28571429,78
F1 COM BRAD PITT FILME PROMETE SER O MAIS REALISTA SOBRE FÃ“RMULA 1,2025-04-04T03:20:12Z,21,6,0,hpu6wMb2r28,Sports,,28.57142857,0,79
ğŸš¨ MAJOR UPDATE: The 49ers Just Dropped a Massive Bombshell on Offense!,2025-03-31T16:50:00Z,553,9,2,zNmdkQnR2Gk,Sports,,1.627486438,22.22222222,83
How a Bodybuilder Who Ignored Form Outworked Everyone in the Gym,2025-03-30T11:03:36Z,42,2,1,8KFZtIqYngk,Sports,,4.761904762,50,84
DORIVAL CAIU! A EXPLOSÃƒO DA TORCIDA E O GRITO POR JORGE JESUS! ğŸ‡§ğŸ‡· | #shorts #futebol,2025-03-29T21:00:19Z,2918,205,7,wogjvdEDRsw,Sports,,7.025359836,3.414634146,85
ğŸš¨ğŸ˜±49ERS ABOUT TO SIGN A LEGEND?! HUGE QB MOVE AND DEFENSIVE TRANSFORMATION COMING!,2025-03-29T19:22:00Z,214,4,2,Fjsen_e8GsY,Sports,,1.869158879,50,85
Este boxeador vio a su MamÃ¡ apoyandolo en el publico,2025-03-29T02:05:00Z,17316,280,3,DphH08PWzDI,Sports,,1.617001617,1.071428571,85
Floyd Mayweather vs. Ricky Hatton |ğŸ¥ŠKnockout |ğŸ”¥The Night the American Dream Ended! An Unforgettable,2025-03-29T02:00:43Z,590491,1483,100,xUkgxGdKp0U,Sports,,0.2511469269,6.743088334,85
A cual elegÃ­s? â˜ ï¸ğŸ§,2025-03-28T07:35:08Z,16061,1150,11,KRFwFTwuhh4,Sports,,7.160201731,0.9565217391,86
What Is The BEST 9v9 Soccer Formation For Developing Players?,2025-03-28T00:28:15Z,287,6,0,azBs_Qv0MU0,Sports,,2.090592334,0,86
A cual elegÃ­s? â˜ ï¸ğŸ§,2025-03-27T05:44:19Z,17655,1144,6,0TjkxhPOad4,Sports,,6.479750779,0.5244755245,87
Javier Aguirre potenciÃ³ y reviviÃ³ a jugadores que estaban perdidos,2025-03-26T03:00:06Z,21667,1012,16,7VW65uxkAF8,Sports,,4.670697374,1.581027668,88
Ashutosh sharma become a hero #lsgvsdc #cricket #cricketnews #shorts #ipl #klrahul #cricketlover #yt,2025-03-24T21:09:30Z,9228,389,0,Sh7LbpQ_C2g,Sports,,4.215431296,0,90
ğŸš¨ EVERYTHING CHANGES NOW: THE 49ERS JUST DROPPED A MIND-BLOWING UPDATE!,2025-03-24T04:33:00Z,1075,16,3,b3ncDRZg1bY,Sports,,1.488372093,18.75,90
Don RAÃšL JIMÃ‰NEZ la manda a guardar desde los 11 pasos.,2025-03-24T03:27:50Z,7204,463,21,cUouhmhAxnA,Sports,,6.426985008,4.535637149,90
We Built A 1000 MPH Baseball Cannon,2025-03-22T13:59:59Z,4809009,83284,2622,iKB8StO052g,Sports,,1.731832899,3.148263772,92
JUST IN! 49ERS TARGET DEFENSIVE LEGEND FOR HUGE MOVE! WILL A TRADE COMPLETELY CHANGE THE GAME?,2025-03-22T02:28:00Z,246,2,0,-1-tgcaJf0U,Sports,,0.8130081301,0,92
IShowSpeed Has a Big Nervous Breakdown ğŸ˜±,2025-03-20T21:00:06Z,15358,297,10,7eaXCJFUnws,Sports,,1.933845553,3.367003367,94
A cual elegÃ­s? â˜ ï¸ğŸ§,2025-03-20T03:57:03Z,29781,1599,14,gO1z9Nb9KX0,Sports,,5.369195124,0.875547217,94
Lebron James vs Stephen A Smith STORY! ğŸ¿#shorts,2025-03-20T02:32:28Z,2801,173,17,REBZgtC2mAQ,Sports,,6.176365584,9.826589595,94
ğŸˆ CAN YOU BELIEVE THIS? THE 49ERS JUST MADE A HUGE MOVE!,2025-03-19T03:35:02Z,798,14,0,vma_74sIcuo,Sports,,1.754385965,0,95
come film a soccer game with me,2025-03-16T16:12:22Z,79,8,8,Dr1bqwu20cM,Sports,,10.12658228,100,98
The Dynasty That Invented Modern Football,2025-03-15T16:06:07Z,5859,106,23,RrrAHVTzm9s,Sports,,1.809182454,21.69811321,99
This NEEDED to be a goal ğŸ˜­,2025-03-15T16:00:43Z,1471068,50560,179,eMeQpr74B0M,Sports,,3.436958727,0.3540348101,99
,,,,,,,,#DIV/0!,#DIV/0!,#VALUE!
,,,,,,,,#DIV/0!,#DIV/0!,#VALUE!
"When I sing this song now, it really has a completely different meaning. #fypdong #foryou #singer",2025-04-15T22:06:47Z,11398,707,25,4pxtYfQ3bIQ,TravelEvents,,6.202842604,3.536067893,68
Hagridâ€˜s is one of the best roller coasters in Central Florida #hagrids #universalorlando ï¿¼,2025-04-15T19:00:02Z,1390,14,0,1qNBmxUSez4,TravelEvents,,1.007194245,0,68
Fired on the spot! Taking parent teacher conference to a whole new level,2025-04-14T20:00:38Z,362,2,2,yF-dujPiWEM,TravelEvents,,0.5524861878,100,69
I an just a freak...,2025-04-14T06:42:19Z,191,0,0,OXgx9eez41Q,TravelEvents,,0,#DIV/0!,69
MAKE THIS A TREND,2025-04-14T04:32:03Z,298,0,0,4aNslzGHFy8,TravelEvents,,0,#DIV/0!,69
A woman complained to other friends #funnylaugh #shortsvideo #joks,2025-04-14T03:00:14Z,5503,107,1,7ol4hA6FPwc,TravelEvents,,1.944393967,0.9345794393,69
Tron is an amazing roller coaster #tron #waltdisneyworld #magickingdom,2025-04-13T19:00:08Z,13,0,0,AB65bu_H51g,TravelEvents,,0,#DIV/0!,70
I had a bad trip... #emojicatart,2025-04-13T13:30:41Z,264,1,0,gePmsmOgII0,TravelEvents,,0.3787878788,0,70
Dubai Miracle Garden: A Floral Oasis in Paradise  #dubai #ytshorts#4k #miracle #oasis,2025-04-13T05:00:32Z,498,3,0,PPXSHH97mvc,TravelEvents,,0.6024096386,0,70
"transforming info fav emoji cat utuber, plz make this a trend",2025-04-12T15:14:27Z,260,2,2,nsAbJwreZus,TravelEvents,,0.7692307692,100,71
The Greatest Culinary Adventure: From Lima to Machu Picchu | Silent Travel Vlog,2025-04-10T21:25:42Z,726,53,6,0viHkFC-uRc,TravelEvents,,7.300275482,11.32075472,73
The Incredible Hulk roller coaster hurts #hulkrollercoaster #universalorlando,2025-04-10T19:00:38Z,3494,13,0,hNVeJylc_zQ,TravelEvents,,0.3720663995,0,73
You Should Never Ignore A Broken Bone ğŸ˜¬,2025-04-10T12:30:03Z,26866767,1058074,5248,37TYI5Qdh8Q,TravelEvents,,3.938225988,0.4959955542,73
Le plus grand chÃ¢teau troglodytique au monde...,2025-04-10T07:00:01Z,377,17,5,2PB9dV_1HHA,TravelEvents,,4.50928382,29.41176471,73
#trendingâ€not a passport clown in any countryâ€#shorts #real you will never see mine in the streets,2025-04-09T01:03:41Z,150,0,0,B-X8amYTugM,TravelEvents,,0,#DIV/0!,74
A Sneak Peek into UAEâ€™s Future of Travel  #dubai #ytshorts#etihad #etihadrail #4k,2025-04-07T13:45:09Z,1013,9,1,o5i4nvDjjxU,TravelEvents,,0.8884501481,11.11111111,76
Dubai World Cup 2025: Closing Ceremony Fireworks & Drones Steal the Show! #dubai #4k #,2025-04-06T14:45:04Z,783,7,1,zh4Ik7iew0U,TravelEvents,,0.8939974457,14.28571429,77
FLYCAM - I AM FROM VIETNAM TO BE A GOOD TIME FOR THE FIRST TIME ğŸŒ,2025-04-06T09:07:04Z,33,111,N/A,eiWHtcfYWvE,TravelEvents,,336.3636364,#VALUE!,77
just some humor in your life! why it make me a mouse though lmao #shorts #fyp #dbz #spongebob,2025-04-06T00:00:02Z,19854,168,0,e50Sz4LuLAA,TravelEvents,,0.8461770928,0,77
Dubai Gateway: A Glimpse of Grandeur #dubai  #ytshorts #travel #burjkhalifa#4k #gateway #phonk,2025-04-05T04:00:59Z,1318,17,0,sVLKcBLyXUk,TravelEvents,,1.28983308,0,78
por que la #torre esta tan inclinadağŸ¤”#shorts #youtubeshorts #history #historia #viajes #caminata,2025-04-04T21:00:39Z,1104,14,0,gdelz1gXe4A,TravelEvents,,1.268115942,0,79
Chasing dreams that feel like destiny!ğŸŒ± First time at the Taipei 101 Observatory do #makulaysworld,2025-04-04T15:33:26Z,143,2,0,jkfWnaBBf2M,TravelEvents,,1.398601399,0,79
Polandâ€™s Hidden Castles and Wooden Churches: A 300km Day Trip in Poland æ­æ´²æ³¢è˜­çš„éš±è—åŸå ¡èˆ‡å‚³çµ±æœ¨é€ æ•™å ‚ï¼š300å…¬é‡Œä¸€æ—¥éŠ,2025-04-04T11:00:06Z,170,14,2,Jsmq4s1iO6w,TravelEvents,,8.235294118,14.28571429,79
Icebreaker at SeaWorld the only roller coaster that makes you feel like a big back #seaworldï¿¼,2025-04-03T22:56:41Z,2234,22,0,1i2UIW0ETuE,TravelEvents,,0.9847806625,0,80
Tokyo 2025 Travel Guide: 1 Week Budget Family Travel ğŸ‡¯ğŸ‡µ â€¢ Itinerary & Expenses â€¢ Japan Vlog,2025-04-01T14:51:05Z,19217,371,68,0PrXoOhwLSo,TravelEvents,,1.930582297,18.32884097,82
#trendingâ€Be all things to all peopleâ€ NOT A PASSPORT ğŸ¤¡â€#shorts #chef Just_Be_Ez_Be_U #viralvideo,2025-03-31T15:48:37Z,154,1,0,16epvp4zo2c,TravelEvents,,0.6493506494,0,83
Bothy's Aliens and Emu's (a trip to Haughtongreen Bothy),2025-03-30T17:41:56Z,226,6,4,i-5opBLaSLs,TravelEvents,,2.654867257,66.66666667,84
A Missing Key Sank The Titanic? ğŸ˜²,2025-03-30T14:30:17Z,17536355,816086,7484,TohFgSLFqgg,TravelEvents,,4.653680882,0.9170602118,84
Whispers of the Past: A Glimpse Down Old Dubaiâ€™s City Alley #dubai #ytshorts #travel,2025-03-29T06:00:37Z,39,2,0,zYB-nwvswaI,TravelEvents,,5.128205128,0,85
2025 Annual Flagpole Service at The Yankee Stadium,2025-03-27T19:48:02Z,603,7,1,fk80kntmhRs,TravelEvents,,1.160862355,14.28571429,87
Why You Must Avoid These Italy Travel Scams,2025-03-27T17:00:14Z,10695,412,28,CTVA8mdi0pA,TravelEvents,,3.852267415,6.796116505,87
Dubai Abra Ride: A Quick Journey Across the Creek! ğŸš¤ #DubaiAbra #ytshorts #dubai #4k #shorts,2025-03-27T14:45:06Z,60,3,2,wuzgIOWztU0,TravelEvents,,5,66.66666667,87
Unveiling Dubaiâ€™s Gold Souk: A Glittering Adventure  #dubai #travel  #ytshorts#GoldRush2025,2025-03-27T04:00:39Z,52,4,2,iNs1b6PNi64,TravelEvents,,7.692307692,50,87
Wants for this kind of a boyfriend ğŸ¥° | #couple #shopping,2025-03-25T11:39:38Z,7884,159,0,LSKzhhifR70,TravelEvents,,2.01674277,0,89
My dream is to teach that the defense against the dark art,2025-03-24T20:00:02Z,424,13,1,awx8Sh4DuqQ,TravelEvents,,3.066037736,7.692307692,90
The Bear That Attacked A Car ğŸ˜³,2025-03-24T19:30:03Z,10832597,567134,3080,FihyOtTO4EM,TravelEvents,,5.235438926,0.5430815292,90
#trending â€œJust vibe and relaxâ€ğŸ‡µğŸ‡· Culture is a small flight away! #shorts #viralvideo #life #dance,2025-03-23T17:17:56Z,340,9,2,21vz9TQQSr4,TravelEvents,,2.647058824,22.22222222,91
Mummified Monk Inside A Buddha Statue ğŸ˜±,2025-03-23T14:30:10Z,23184575,1123673,4280,Mfezzuk46xE,TravelEvents,,4.846640493,0.3808937298,91
Prayed for a safe flight & so it was ğŸ™âœˆï¸ğŸ‡ºğŸ‡¸ #solotravelling #goodbye,2025-03-22T22:08:56Z,1952,10,1,OIogWdBtVO4,TravelEvents,,0.512295082,10,92
â›°ï¸Wyndham Grand Vedana Ninh Binh & Trang An Golf Course â€“ A Luxurious Retreat Amidst Majestic Nature,2025-03-21T13:00:06Z,633,20,25,-fw2F6xi69o,TravelEvents,,3.159557662,125,93
Top 10 Longest River In North America.  #ytshorts #top10 #facts #lake #nature,2025-03-20T16:13:51Z,552,24,0,iHTi25iQQY4,TravelEvents,,4.347826087,0,94
The roasting wouldâ€™ve been off the chain ï¿¼,2025-03-19T20:00:05Z,414,7,2,AFFK_crolmc,TravelEvents,,1.690821256,28.57142857,95
Ilfacombe's Best-Kept Secret: The Beauty of Lee Bay,2025-03-19T18:00:06Z,164,7,2,6ZX04IsThmc,TravelEvents,,4.268292683,28.57142857,95
A Deadly Prank Gone Wrong ğŸ˜¢,2025-03-18T14:30:02Z,24142288,1467034,15684,3KozKn-DWb4,TravelEvents,,6.076615439,1.069095876,96
Burj Khalifa Shining at Night â€“ A Spectacular View! âœ¨ #Dubai #Shorts #burjkhalifa #ytshorts,2025-03-17T11:49:33Z,29,4,1,6scSZ4GSES0,TravelEvents,,13.79310345,25,97